{
  "config": {
    "split": "5-fold-stratified",
    "window_days": 30,
    "user_token": "default",
    "user_id": 1,
    "n_candidates": 3578,
    "n_feedback_valid": 826,
    "labels": {
      "0": 271,
      "1": 307,
      "2": 248
    },
    "candidate_recall": {
      "down": {
        "present": 271,
        "total": 609,
        "recall": 0.44499178981937604
      },
      "neutral": {
        "present": 307,
        "total": 417,
        "recall": 0.7362110311750599
      },
      "up": {
        "present": 248,
        "total": 794,
        "recall": 0.3123425692695214
      }
    },
    "svm_c": 0.05,
    "svm_gamma": 0.03,
    "knn_k": 10,
    "positive_cluster_k": 4,
    "mmr_threshold": 0.75,
    "mmr_limit": 40,
    "db_sha256": "fba69bb67f5f4b81"
  },
  "variants": {
    "logreg_up": {
      "mean": {
        "raw": {
          "ndcg_at_100": 0.3744537576506047,
          "ndcg_at_40": 0.37271499738883207,
          "ndcg_at_200": 0.4432508593072807,
          "map": 0.21916698195050946,
          "precision_at_40": 0.3350000000000001,
          "downvote_rate_at_40": 0.015000000000000003,
          "hit_at_100": 0.1961737860533041,
          "median_rank": 170.4,
          "p25_rank": 38.25,
          "p75_rank": 561.45,
          "brier_up": 0.17380336493031595
        },
        "mmr": {
          "ndcg_at_100": 0.2773241805228638,
          "ndcg_at_40": 0.36137952869181617,
          "ndcg_at_200": 0.2711995900528193,
          "map": 0.12350985863556008,
          "precision_at_40": 0.32,
          "downvote_rate_at_40": 0.015000000000000003,
          "hit_at_100": 0.11261044176706828,
          "median_rank": 170.4,
          "p25_rank": 38.25,
          "p75_rank": 561.45,
          "brier_up": 0.17380336493031595
        }
      },
      "std": {
        "raw": {
          "ndcg_at_100": 0.03809361062816964,
          "ndcg_at_40": 0.0651713402076354,
          "ndcg_at_200": 0.03558102442462491,
          "map": 0.03094335524627606,
          "precision_at_40": 0.058309518948453015,
          "downvote_rate_at_40": 0.02,
          "hit_at_100": 0.02287418292280231,
          "median_rank": 24.193800858897717,
          "p25_rank": 11.584472366059664,
          "p75_rank": 111.92836995150067,
          "brier_up": 0.004886340297312995
        },
        "mmr": {
          "ndcg_at_100": 0.05163914576780458,
          "ndcg_at_40": 0.0674058746468647,
          "ndcg_at_200": 0.05050026866696635,
          "map": 0.04230324856540357,
          "precision_at_40": 0.06204836822995429,
          "downvote_rate_at_40": 0.02,
          "hit_at_100": 0.014267196240903253,
          "median_rank": 24.193800858897717,
          "p25_rank": 11.584472366059664,
          "p75_rank": 111.92836995150067,
          "brier_up": 0.004886340297312995
        }
      },
      "per_fold": [
        {
          "raw": {
            "ndcg_at_100": 0.33298070236786986,
            "ndcg_at_40": 0.34376546421194343,
            "ndcg_at_200": 0.3925904377700985,
            "map": 0.21047300453671233,
            "precision_at_40": 0.3,
            "downvote_rate_at_40": 0.05,
            "hit_at_100": 0.1566265060240964,
            "median_rank": 202.5,
            "p25_rank": 46.0,
            "p75_rank": 649.75,
            "brier_up": 0.17028075144967547
          },
          "mmr": {
            "ndcg_at_100": 0.2628384765038417,
            "ndcg_at_40": 0.34376546421194343,
            "ndcg_at_200": 0.2570547644640725,
            "map": 0.12761691408007197,
            "precision_at_40": 0.3,
            "downvote_rate_at_40": 0.05,
            "hit_at_100": 0.0963855421686747,
            "median_rank": 202.5,
            "p25_rank": 46.0,
            "p75_rank": 649.75,
            "brier_up": 0.17028075144967547
          }
        },
        {
          "raw": {
            "ndcg_at_100": 0.32476528659912934,
            "ndcg_at_40": 0.260251908734819,
            "ndcg_at_200": 0.4235224506286651,
            "map": 0.16621994950453375,
            "precision_at_40": 0.25,
            "downvote_rate_at_40": 0.025,
            "hit_at_100": 0.18787878787878787,
            "median_rank": 145.0,
            "p25_rank": 54.0,
            "p75_rank": 499.0,
            "brier_up": 0.17035304394402734
          },
          "mmr": {
            "ndcg_at_100": 0.18677355944647459,
            "ndcg_at_40": 0.24190543713458532,
            "ndcg_at_200": 0.18262418747208964,
            "map": 0.05112990251045473,
            "precision_at_40": 0.225,
            "downvote_rate_at_40": 0.025,
            "hit_at_100": 0.09696969696969697,
            "median_rank": 145.0,
            "p25_rank": 54.0,
            "p75_rank": 499.0,
            "brier_up": 0.17035304394402734
          }
        },
        {
          "raw": {
            "ndcg_at_100": 0.4188954343602084,
            "ndcg_at_40": 0.4363112344174486,
            "ndcg_at_200": 0.4762828860151524,
            "map": 0.2467685822487745,
            "precision_at_40": 0.4,
            "downvote_rate_at_40": 0.0,
            "hit_at_100": 0.21818181818181817,
            "median_rank": 150.0,
            "p25_rank": 29.0,
            "p75_rank": 641.0,
            "brier_up": 0.17780841067070316
          },
          "mmr": {
            "ndcg_at_100": 0.3368729667423469,
            "ndcg_at_40": 0.4363112344174486,
            "ndcg_at_200": 0.3293889778347564,
            "map": 0.16616490232026768,
            "precision_at_40": 0.4,
            "downvote_rate_at_40": 0.0,
            "hit_at_100": 0.13333333333333333,
            "median_rank": 150.0,
            "p25_rank": 29.0,
            "p75_rank": 641.0,
            "brier_up": 0.17780841067070316
          }
        },
        {
          "raw": {
            "ndcg_at_100": 0.3981472842472695,
            "ndcg_at_40": 0.39320689394243824,
            "ndcg_at_200": 0.49008488131385813,
            "map": 0.2193448691229087,
            "precision_at_40": 0.325,
            "downvote_rate_at_40": 0.0,
            "hit_at_100": 0.21818181818181817,
            "median_rank": 158.0,
            "p25_rank": 40.5,
            "p75_rank": 369.0,
            "brier_up": 0.1813956443259075
          },
          "mmr": {
            "ndcg_at_100": 0.28696947212582613,
            "ndcg_at_40": 0.37532630348566604,
            "ndcg_at_200": 0.2806547619926007,
            "map": 0.10852932696818146,
            "precision_at_40": 0.3,
            "downvote_rate_at_40": 0.0,
            "hit_at_100": 0.12121212121212122,
            "median_rank": 158.0,
            "p25_rank": 40.5,
            "p75_rank": 369.0,
            "brier_up": 0.1813956443259075
          }
        },
        {
          "raw": {
            "ndcg_at_100": 0.39748008067854645,
            "ndcg_at_40": 0.43003948563751093,
            "ndcg_at_200": 0.4337736408086296,
            "map": 0.25302850433961793,
            "precision_at_40": 0.4,
            "downvote_rate_at_40": 0.0,
            "hit_at_100": 0.2,
            "median_rank": 196.5,
            "p25_rank": 21.75,
            "p75_rank": 648.5,
            "brier_up": 0.16917897426126635
          },
          "mmr": {
            "ndcg_at_100": 0.3131664277958298,
            "ndcg_at_40": 0.4095892042094377,
            "ndcg_at_200": 0.3062752585005772,
            "map": 0.16410824729882453,
            "precision_at_40": 0.375,
            "downvote_rate_at_40": 0.0,
            "hit_at_100": 0.11515151515151516,
            "median_rank": 196.5,
            "p25_rank": 21.75,
            "p75_rank": 648.5,
            "brier_up": 0.16917897426126635
          }
        }
      ]
    }
  }
}