{
  "config": {
    "split": "5-fold-stratified",
    "window_days": 30,
    "user_token": "default",
    "user_id": 1,
    "n_candidates": 3578,
    "n_feedback_valid": 826,
    "labels": {
      "0": 271,
      "1": 307,
      "2": 248
    },
    "candidate_recall": {
      "down": {
        "present": 271,
        "total": 609,
        "recall": 0.44499178981937604
      },
      "neutral": {
        "present": 307,
        "total": 417,
        "recall": 0.7362110311750599
      },
      "up": {
        "present": 248,
        "total": 794,
        "recall": 0.3123425692695214
      }
    },
    "svm_c": 0.01,
    "svm_gamma": 0.03,
    "knn_k": 10,
    "positive_cluster_k": 4,
    "mmr_threshold": 0.75,
    "mmr_limit": 40,
    "db_sha256": "fba69bb67f5f4b81"
  },
  "variants": {
    "logreg_up": {
      "mean": {
        "raw": {
          "ndcg_at_100": 0.38270772709485373,
          "ndcg_at_40": 0.37628817855176194,
          "ndcg_at_200": 0.45014379552668793,
          "map": 0.2312115046971493,
          "precision_at_40": 0.33999999999999997,
          "downvote_rate_at_40": 0.01,
          "hit_at_100": 0.20101496896677623,
          "median_rank": 168.1,
          "p25_rank": 33.95,
          "p75_rank": 521.2,
          "brier_up": 0.18038499502881086
        },
        "mmr": {
          "ndcg_at_100": 0.29102671862915386,
          "ndcg_at_40": 0.37919953258073713,
          "ndcg_at_200": 0.2845989202815885,
          "map": 0.13873444218139047,
          "precision_at_40": 0.34500000000000003,
          "downvote_rate_at_40": 0.01,
          "hit_at_100": 0.11623220153340634,
          "median_rank": 168.1,
          "p25_rank": 33.95,
          "p75_rank": 521.2,
          "brier_up": 0.18038499502881086
        }
      },
      "std": {
        "raw": {
          "ndcg_at_100": 0.03218423124121611,
          "ndcg_at_40": 0.0686929624301127,
          "ndcg_at_200": 0.032879607848275524,
          "map": 0.034741735349112346,
          "precision_at_40": 0.07516648189186455,
          "downvote_rate_at_40": 0.012247448713915893,
          "hit_at_100": 0.02466868157129106,
          "median_rank": 37.70464162407594,
          "p25_rank": 10.754533927604673,
          "p75_rank": 109.25879827272493,
          "brier_up": 0.0018453547656717194
        },
        "mmr": {
          "ndcg_at_100": 0.04955738883184772,
          "ndcg_at_40": 0.06456117567537392,
          "ndcg_at_200": 0.048462234417576626,
          "map": 0.05032300664300979,
          "precision_at_40": 0.06782329983125268,
          "downvote_rate_at_40": 0.012247448713915893,
          "hit_at_100": 0.010521619620566079,
          "median_rank": 37.70464162407594,
          "p25_rank": 10.754533927604673,
          "p75_rank": 109.25879827272493,
          "brier_up": 0.0018453547656717194
        }
      },
      "per_fold": [
        {
          "raw": {
            "ndcg_at_100": 0.3469293777873472,
            "ndcg_at_40": 0.37275771853470835,
            "ndcg_at_200": 0.4149553836629835,
            "map": 0.22312555465678113,
            "precision_at_40": 0.325,
            "downvote_rate_at_40": 0.025,
            "hit_at_100": 0.16265060240963855,
            "median_rank": 209.0,
            "p25_rank": 38.5,
            "p75_rank": 630.0,
            "brier_up": 0.1820751298929049
          },
          "mmr": {
            "ndcg_at_100": 0.3007565115383517,
            "ndcg_at_40": 0.3933583209695519,
            "ndcg_at_200": 0.2941384201540108,
            "map": 0.15445093645093644,
            "precision_at_40": 0.35,
            "downvote_rate_at_40": 0.025,
            "hit_at_100": 0.10843373493975904,
            "median_rank": 209.0,
            "p25_rank": 38.5,
            "p75_rank": 630.0,
            "brier_up": 0.1820751298929049
          }
        },
        {
          "raw": {
            "ndcg_at_100": 0.34768613093205447,
            "ndcg_at_40": 0.27018575499453984,
            "ndcg_at_200": 0.42731469210920675,
            "map": 0.17456299276639992,
            "precision_at_40": 0.25,
            "downvote_rate_at_40": 0.025,
            "hit_at_100": 0.2,
            "median_rank": 131.0,
            "p25_rank": 46.0,
            "p75_rank": 521.0,
            "brier_up": 0.17915131570802528
          },
          "mmr": {
            "ndcg_at_100": 0.2086955793842061,
            "ndcg_at_40": 0.2702984057733277,
            "ndcg_at_200": 0.2040591865733542,
            "map": 0.06420565386082627,
            "precision_at_40": 0.25,
            "downvote_rate_at_40": 0.025,
            "hit_at_100": 0.10303030303030303,
            "median_rank": 131.0,
            "p25_rank": 46.0,
            "p75_rank": 521.0,
            "brier_up": 0.17915131570802528
          }
        },
        {
          "raw": {
            "ndcg_at_100": 0.4321416558611711,
            "ndcg_at_40": 0.4596067958385755,
            "ndcg_at_200": 0.4698627787910201,
            "map": 0.2723491230479603,
            "precision_at_40": 0.45,
            "downvote_rate_at_40": 0.0,
            "hit_at_100": 0.23030303030303031,
            "median_rank": 146.0,
            "p25_rank": 22.0,
            "p75_rank": 580.0,
            "brier_up": 0.18022720963895258
          },
          "mmr": {
            "ndcg_at_100": 0.3548593128843195,
            "ndcg_at_40": 0.4596067958385755,
            "ndcg_at_200": 0.3469757382922013,
            "map": 0.19794837240294155,
            "precision_at_40": 0.45,
            "downvote_rate_at_40": 0.0,
            "hit_at_100": 0.13333333333333333,
            "median_rank": 146.0,
            "p25_rank": 22.0,
            "p75_rank": 580.0,
            "brier_up": 0.18022720963895258
          }
        },
        {
          "raw": {
            "ndcg_at_100": 0.39286415316015677,
            "ndcg_at_40": 0.33926954706372103,
            "ndcg_at_200": 0.5048157563276284,
            "map": 0.2231378955930043,
            "precision_at_40": 0.275,
            "downvote_rate_at_40": 0.0,
            "hit_at_100": 0.22424242424242424,
            "median_rank": 136.0,
            "p25_rank": 43.0,
            "p75_rank": 314.25,
            "brier_up": 0.18274351285557144
          },
          "mmr": {
            "ndcg_at_100": 0.2699793921717965,
            "ndcg_at_40": 0.3531050412105072,
            "ndcg_at_200": 0.2640385456041108,
            "map": 0.09758178458178458,
            "precision_at_40": 0.3,
            "downvote_rate_at_40": 0.0,
            "hit_at_100": 0.12121212121212122,
            "median_rank": 136.0,
            "p25_rank": 43.0,
            "p75_rank": 314.25,
            "brier_up": 0.18274351285557144
          }
        },
        {
          "raw": {
            "ndcg_at_100": 0.3939173177335391,
            "ndcg_at_40": 0.439621076327265,
            "ndcg_at_200": 0.4337703667426008,
            "map": 0.26288195742160075,
            "precision_at_40": 0.4,
            "downvote_rate_at_40": 0.0,
            "hit_at_100": 0.18787878787878787,
            "median_rank": 218.5,
            "p25_rank": 20.25,
            "p75_rank": 560.75,
            "brier_up": 0.17772780704860014
          },
          "mmr": {
            "ndcg_at_100": 0.3208427971670953,
            "ndcg_at_40": 0.41962909911172325,
            "ndcg_at_200": 0.3137827107842653,
            "map": 0.1794854636104636,
            "precision_at_40": 0.375,
            "downvote_rate_at_40": 0.0,
            "hit_at_100": 0.11515151515151516,
            "median_rank": 218.5,
            "p25_rank": 20.25,
            "p75_rank": 560.75,
            "brier_up": 0.17772780704860014
          }
        }
      ]
    }
  }
}