{
  "config": {
    "split": "5-fold-stratified",
    "window_days": 30,
    "user_token": "default",
    "user_id": 1,
    "n_candidates": 3408,
    "n_feedback_valid": 816,
    "labels": {
      "0": 270,
      "1": 300,
      "2": 246
    },
    "knn_k": 10,
    "mmr_threshold": 0.75,
    "mmr_limit": 40,
    "db_sha256": "55d90b27d691ba8d"
  },
  "variants": {
    "prod_prob_3class": {
      "mean": {
        "raw": {
          "ndcg_at_100": 0.44782746875924956,
          "ndcg_at_200": 0.5045109014195638,
          "map": 0.2739541910372682,
          "hit_at_100": 0.23408648810414484,
          "median_rank": 155.9,
          "p25_rank": 33.65,
          "p75_rank": 562.95,
          "brier_up": 0.17764535777221216
        },
        "mmr": {
          "ndcg_at_100": 0.3344352477214761,
          "ndcg_at_200": 0.32820155267585804,
          "map": 0.17035316588594532,
          "hit_at_100": 0.1225422714349843,
          "median_rank": 155.9,
          "p25_rank": 33.65,
          "p75_rank": 562.95,
          "brier_up": 0.17764535777221216
        }
      },
      "std": {
        "raw": {
          "ndcg_at_100": 0.06846476630484392,
          "ndcg_at_200": 0.0719796755834786,
          "map": 0.06813077082857133,
          "hit_at_100": 0.020859690014032307,
          "median_rank": 58.981692074744686,
          "p25_rank": 12.557467897629682,
          "p75_rank": 144.91104167729938,
          "brier_up": 0.009098544896155393
        },
        "mmr": {
          "ndcg_at_100": 0.07890999262344481,
          "ndcg_at_200": 0.07747013230128134,
          "map": 0.06220508591327734,
          "hit_at_100": 0.026281312047738332,
          "median_rank": 58.981692074744686,
          "p25_rank": 12.557467897629682,
          "p75_rank": 144.91104167729938,
          "brier_up": 0.009098544896155393
        }
      },
      "per_fold": [
        {
          "raw": {
            "ndcg_at_100": 0.41095999516789844,
            "ndcg_at_200": 0.45972324552659505,
            "map": 0.2352952817785173,
            "hit_at_100": 0.21951219512195122,
            "median_rank": 241.5,
            "p25_rank": 40.25,
            "p75_rank": 534.75,
            "brier_up": 0.18830402077854527
          },
          "mmr": {
            "ndcg_at_100": 0.3326265463341267,
            "ndcg_at_200": 0.32595281163222856,
            "map": 0.15404807473228527,
            "hit_at_100": 0.12804878048780488,
            "median_rank": 241.5,
            "p25_rank": 40.25,
            "p75_rank": 534.75,
            "brier_up": 0.18830402077854527
          }
        },
        {
          "raw": {
            "ndcg_at_100": 0.4560981506384365,
            "ndcg_at_200": 0.4968069958565124,
            "map": 0.2741507064141881,
            "hit_at_100": 0.2392638036809816,
            "median_rank": 133.0,
            "p25_rank": 32.0,
            "p75_rank": 535.0,
            "brier_up": 0.173242932532273
          },
          "mmr": {
            "ndcg_at_100": 0.33231468971906714,
            "ndcg_at_200": 0.3262380490803038,
            "map": 0.1644121134441473,
            "hit_at_100": 0.12883435582822086,
            "median_rank": 133.0,
            "p25_rank": 32.0,
            "p75_rank": 535.0,
            "brier_up": 0.173242932532273
          }
        },
        {
          "raw": {
            "ndcg_at_100": 0.5287591220674213,
            "ndcg_at_200": 0.596736595822735,
            "map": 0.36966191109267454,
            "hit_at_100": 0.2331288343558282,
            "median_rank": 95.0,
            "p25_rank": 19.0,
            "p75_rank": 376.0,
            "brier_up": 0.16306031260894016
          },
          "mmr": {
            "ndcg_at_100": 0.40991586232407984,
            "ndcg_at_200": 0.4024202220032201,
            "map": 0.24429805138838753,
            "hit_at_100": 0.12883435582822086,
            "median_rank": 95.0,
            "p25_rank": 19.0,
            "p75_rank": 376.0,
            "brier_up": 0.16306031260894016
          }
        },
        {
          "raw": {
            "ndcg_at_100": 0.5055948488617239,
            "ndcg_at_200": 0.5699230963039664,
            "map": 0.3192097332025822,
            "hit_at_100": 0.26993865030674846,
            "median_rank": 101.0,
            "p25_rank": 23.0,
            "p75_rank": 545.0,
            "brier_up": 0.1777157968690015
          },
          "mmr": {
            "ndcg_at_100": 0.40559189711448373,
            "ndcg_at_200": 0.3981753239655731,
            "map": 0.22274056830787417,
            "hit_at_100": 0.15337423312883436,
            "median_rank": 101.0,
            "p25_rank": 23.0,
            "p75_rank": 545.0,
            "brier_up": 0.1777157968690015
          }
        },
        {
          "raw": {
            "ndcg_at_100": 0.33772522706076763,
            "ndcg_at_200": 0.39936457358801014,
            "map": 0.17145332269837907,
            "hit_at_100": 0.2085889570552147,
            "median_rank": 209.0,
            "p25_rank": 54.0,
            "p75_rank": 824.0,
            "brier_up": 0.1859037260723008
          },
          "mmr": {
            "ndcg_at_100": 0.19172724311562303,
            "ndcg_at_200": 0.18822135669796458,
            "map": 0.06626702155703229,
            "hit_at_100": 0.0736196319018405,
            "median_rank": 209.0,
            "p25_rank": 54.0,
            "p75_rank": 824.0,
            "brier_up": 0.1859037260723008
          }
        }
      ]
    },
    "margin3_up": {
      "mean": {
        "raw": {
          "ndcg_at_100": 0.4410959677637852,
          "ndcg_at_200": 0.4983290326495167,
          "map": 0.2698104652143879,
          "hit_at_100": 0.2279590004489002,
          "median_rank": 154.5,
          "p25_rank": 33.55,
          "p75_rank": 556.35,
          "brier_up": 0.0
        },
        "mmr": {
          "ndcg_at_100": 0.32377255636135194,
          "ndcg_at_200": 0.3177333364924781,
          "map": 0.1637705688366738,
          "hit_at_100": 0.12254227143498428,
          "median_rank": 154.5,
          "p25_rank": 33.55,
          "p75_rank": 556.35,
          "brier_up": 0.0
        }
      },
      "std": {
        "raw": {
          "ndcg_at_100": 0.06364935068099542,
          "ndcg_at_200": 0.06852857399913871,
          "map": 0.06436463975136973,
          "hit_at_100": 0.01730354172562669,
          "median_rank": 62.14016414526115,
          "p25_rank": 12.406046912695437,
          "p75_rank": 139.0111146635405,
          "brier_up": 0.0
        },
        "mmr": {
          "ndcg_at_100": 0.07066307414546938,
          "ndcg_at_200": 0.06935409819672347,
          "map": 0.05629018712645123,
          "hit_at_100": 0.026566190965187784,
          "median_rank": 62.14016414526115,
          "p25_rank": 12.406046912695437,
          "p75_rank": 139.0111146635405,
          "brier_up": 0.0
        }
      },
      "per_fold": [
        {
          "raw": {
            "ndcg_at_100": 0.4120977775088658,
            "ndcg_at_200": 0.4587397340672413,
            "map": 0.23717930825628858,
            "hit_at_100": 0.21341463414634146,
            "median_rank": 244.5,
            "p25_rank": 40.75,
            "p75_rank": 533.75,
            "brier_up": 0.0
          },
          "mmr": {
            "ndcg_at_100": 0.33403459631491345,
            "ndcg_at_200": 0.3273326108551538,
            "map": 0.15734803921568627,
            "hit_at_100": 0.12804878048780488,
            "median_rank": 244.5,
            "p25_rank": 40.75,
            "p75_rank": 533.75,
            "brier_up": 0.0
          }
        },
        {
          "raw": {
            "ndcg_at_100": 0.4590596683095504,
            "ndcg_at_200": 0.5004493656744166,
            "map": 0.28220023444247044,
            "hit_at_100": 0.2331288343558282,
            "median_rank": 122.0,
            "p25_rank": 28.0,
            "p75_rank": 527.0,
            "brier_up": 0.0
          },