{
  "config": {
    "split": "5-fold-stratified",
    "window_days": 30,
    "user_token": "default",
    "user_id": 1,
    "n_candidates": 3578,
    "n_feedback_valid": 826,
    "labels": {
      "0": 271,
      "1": 307,
      "2": 248
    },
    "candidate_recall": {
      "down": {
        "present": 271,
        "total": 609,
        "recall": 0.44499178981937604
      },
      "neutral": {
        "present": 307,
        "total": 417,
        "recall": 0.7362110311750599
      },
      "up": {
        "present": 248,
        "total": 794,
        "recall": 0.3123425692695214
      }
    },
    "svm_c": 10.0,
    "svm_gamma": 0.03,
    "knn_k": 10,
    "positive_cluster_k": 4,
    "mmr_threshold": 0.75,
    "mmr_limit": 40,
    "db_sha256": "fba69bb67f5f4b81"
  },
  "variants": {
    "logreg_up": {
      "mean": {
        "raw": {
          "ndcg_at_100": 0.19631474228922635,
          "ndcg_at_40": 0.17665999673900828,
          "ndcg_at_200": 0.2598088871171626,
          "map": 0.09658472754565806,
          "precision_at_40": 0.15,
          "downvote_rate_at_40": 0.0,
          "hit_at_100": 0.09684556407447974,
          "median_rank": 401.6,
          "p25_rank": 123.3,
          "p75_rank": 1029.3,
          "brier_up": 0.19428160393968097
        },
        "mmr": {
          "ndcg_at_100": 0.135397815282381,
          "ndcg_at_40": 0.17649102115046955,
          "ndcg_at_200": 0.132408522476337,
          "map": 0.04007412924179394,
          "precision_at_40": 0.15,
          "downvote_rate_at_40": 0.0,
          "hit_at_100": 0.04600949251551661,
          "median_rank": 401.6,
          "p25_rank": 123.3,
          "p75_rank": 1029.3,
          "brier_up": 0.19428160393968097
        }
      },
      "std": {
        "raw": {
          "ndcg_at_100": 0.07173039492146711,
          "ndcg_at_40": 0.09254868730568645,
          "ndcg_at_200": 0.07320090090631623,
          "map": 0.03227855815953883,
          "precision_at_40": 0.0651920240520265,
          "downvote_rate_at_40": 0.0,
          "hit_at_100": 0.024812031044550032,
          "median_rank": 82.23952820876345,
          "p25_rank": 43.06082906772697,
          "p75_rank": 51.63947133734039,
          "brier_up": 0.018489303166591333
        },
        "mmr": {
          "ndcg_at_100": 0.07034357836939728,
          "ndcg_at_40": 0.0918512405308745,
          "ndcg_at_200": 0.06879310531299093,
          "map": 0.03239707483132355,
          "precision_at_40": 0.0651920240520265,
          "downvote_rate_at_40": 0.0,
          "hit_at_100": 0.019403790105727757,
          "median_rank": 82.23952820876345,
          "p25_rank": 43.06082906772697,
          "p75_rank": 51.63947133734039,
          "brier_up": 0.018489303166591333
        }
      },
      "per_fold": [
        {
          "raw": {
            "ndcg_at_100": 0.19888691001795253,
            "ndcg_at_40": 0.14409037876823083,
            "ndcg_at_200": 0.21308493688117477,
            "map": 0.08505426784484411,
            "precision_at_40": 0.15,
            "downvote_rate_at_40": 0.0,
            "hit_at_100": 0.10240963855421686,
            "median_rank": 458.5,
            "p25_rank": 86.0,
            "p75_rank": 961.0,
            "brier_up": 0.18414224920911731
          },
          "mmr": {
            "ndcg_at_100": 0.11016957657780763,
            "ndcg_at_40": 0.14409037876823083,
            "ndcg_at_200": 0.10774531543101915,
            "map": 0.021656356891651008,
            "precision_at_40": 0.15,
            "downvote_rate_at_40": 0.0,
            "hit_at_100": 0.04216867469879518,
            "median_rank": 458.5,
            "p25_rank": 86.0,
            "p75_rank": 961.0,
            "brier_up": 0.18414224920911731
          }
        },
        {
          "raw": {
            "ndcg_at_100": 0.1336641483830797,
            "ndcg_at_40": 0.06619773700295709,
            "ndcg_at_200": 0.22160284551622342,
            "map": 0.07027999195797985,
            "precision_at_40": 0.05,
            "downvote_rate_at_40": 0.0,
            "hit_at_100": 0.07878787878787878,
            "median_rank": 306.0,
            "p25_rank": 119.0,
            "p75_rank": 984.0,
            "brier_up": 0.17201302189571802
          },
          "mmr": {
            "ndcg_at_100": 0.05149889968487466,
            "ndcg_at_40": 0.06670036099938399,
            "ndcg_at_200": 0.05035479721289002,
            "map": 0.006235827664399093,
            "precision_at_40": 0.05,
            "downvote_rate_at_40": 0.0,
            "hit_at_100": 0.024242424242424242,
            "median_rank": 306.0,
            "p25_rank": 119.0,
            "p75_rank": 984.0,
            "brier_up": 0.17201302189571802
          }
        },
        {
          "raw": {
            "ndcg_at_100": 0.24451121021174377,
            "ndcg_at_40": 0.23568548440718912,
            "ndcg_at_200": 0.3165654468606199,
            "map": 0.12406901996801364,
            "precision_at_40": 0.175,
            "downvote_rate_at_40": 0.0,
            "hit_at_100": 0.09696969696969697,
            "median_rank": 332.0,
            "p25_rank": 116.0,
            "p75_rank": 1074.0,
            "brier_up": 0.1951119813009937
          },
          "mmr": {
            "ndcg_at_100": 0.1825679538135722,
            "ndcg_at_40": 0.2364584195157211,
            "ndcg_at_200": 0.1785120138121078,
            "map": 0.06293777742757334,
            "precision_at_40": 0.175,
            "downvote_rate_at_40": 0.0,
            "hit_at_100": 0.05454545454545454,
            "median_rank": 332.0,
            "p25_rank": 116.0,
            "p75_rank": 1074.0,
            "brier_up": 0.1951119813009937
          }
        },
        {
          "raw": {
            "ndcg_at_100": 0.3007469515545401,
            "ndcg_at_40": 0.3248494945264909,
            "ndcg_at_200": 0.3727157734611059,
            "map": 0.14404303037272675,
            "precision_at_40": 0.25,
            "downvote_rate_at_40": 0.0,
            "hit_at_100": 0.1393939393939394,
            "median_rank": 382.5,
            "p25_rank": 90.25,
            "p75_rank": 1097.25,
            "brier_up": 0.22755344318287934
          },
          "mmr": {
            "ndcg_at_100": 0.2467543212513071,
            "ndcg_at_40": 0.3227290574788383,
            "ndcg_at_200": 0.2413245380716538,
            "map": 0.09224635805815479,
            "precision_at_40": 0.25,
            "downvote_rate_at_40": 0.0,
            "hit_at_100": 0.07878787878787878,
            "median_rank": 382.5,
            "p25_rank": 90.25,
            "p75_rank": 1097.25,
            "brier_up": 0.22755344318287934
          }
        },
        {
          "raw": {
            "ndcg_at_100": 0.10376449127881558,
            "ndcg_at_40": 0.11247688899017352,
            "ndcg_at_200": 0.17507543286668895,
            "map": 0.05947732758472593,
            "precision_at_40": 0.125,
            "downvote_rate_at_40": 0.0,
            "hit_at_100": 0.06666666666666667,
            "median_rank": 529.0,
            "p25_rank": 205.25,
            "p75_rank": 1030.25,
            "brier_up": 0.1925873241096964
          },
          "mmr": {
            "ndcg_at_100": 0.08599832508434342,
            "ndcg_at_40": 0.11247688899017352,
            "ndcg_at_200": 0.08410594785401415,
            "map": 0.017294326167191443,
            "precision_at_40": 0.125,
            "downvote_rate_at_40": 0.0,
            "hit_at_100": 0.030303030303030304,
            "median_rank": 529.0,
            "p25_rank": 205.25,
            "p75_rank": 1030.25,
            "brier_up": 0.1925873241096964
          }
        }
      ]
    }
  }
}