{
  "config": {
    "split": "5-fold-stratified",
    "window_days": 30,
    "user_token": "default",
    "user_id": 1,
    "n_candidates": 3408,
    "n_feedback_valid": 816,
    "labels": {
      "0": 270,
      "1": 300,
      "2": 246
    },
    "knn_k": 10,
    "mmr_threshold": 0.75,
    "mmr_limit": 40,
    "db_sha256": "55d90b27d691ba8d"
  },
  "variants": {
    "prod_prob_3class": {
      "mean": {
        "raw": {
          "ndcg_at_100": 0.4566276855495778,
          "ndcg_at_200": 0.5184191743127555,
          "map": 0.27417906886680676,
          "hit_at_100": 0.24510698787969476,
          "median_rank": 132.8,
          "p25_rank": 38.45,
          "p75_rank": 627.35,
          "brier_up": 0.18171034918675308
        },
        "mmr": {
          "ndcg_at_100": 0.3297256869516011,
          "ndcg_at_200": 0.3235819429230673,
          "map": 0.16623061810217238,
          "hit_at_100": 0.12131527756995361,
          "median_rank": 132.8,
          "p25_rank": 38.45,
          "p75_rank": 627.35,
          "brier_up": 0.18171034918675308
        }
      },
      "std": {
        "raw": {
          "ndcg_at_100": 0.06726261115596004,
          "ndcg_at_200": 0.07068812859391006,
          "map": 0.07107077621768036,
          "hit_at_100": 0.02910341129389082,
          "median_rank": 45.45943246456119,
          "p25_rank": 16.811008298136077,
          "p75_rank": 252.30178358465878,
          "brier_up": 0.008140590162546528
        },
        "mmr": {
          "ndcg_at_100": 0.07704448150893008,
          "ndcg_at_200": 0.07564770941600614,
          "map": 0.06292794331741937,
          "hit_at_100": 0.01949835715817596,
          "median_rank": 45.45943246456119,
          "p25_rank": 16.811008298136077,
          "p75_rank": 252.30178358465878,
          "brier_up": 0.008140590162546528
        }
      },
      "per_fold": [
        {
          "raw": {
            "ndcg_at_100": 0.42619193490504825,
            "ndcg_at_200": 0.46983389920788854,
            "map": 0.23292258220853848,
            "hit_at_100": 0.23780487804878048,
            "median_rank": 193.0,
            "p25_rank": 46.25,
            "p75_rank": 659.75,
            "brier_up": 0.1919744906595522
          },
          "mmr": {
            "ndcg_at_100": 0.32184746634061134,
            "ndcg_at_200": 0.3153900003671117,
            "map": 0.14932911036107968,
            "hit_at_100": 0.12804878048780488,
            "median_rank": 193.0,
            "p25_rank": 46.25,
            "p75_rank": 659.75,
            "brier_up": 0.1919744906595522
          }
        },
        {
          "raw": {
            "ndcg_at_100": 0.41686125211769304,
            "ndcg_at_200": 0.485289118296846,
            "map": 0.2522857293552874,
            "hit_at_100": 0.2331288343558282,
            "median_rank": 121.0,
            "p25_rank": 40.0,
            "p75_rank": 481.0,
            "brier_up": 0.17865087513992695
          },
          "mmr": {
            "ndcg_at_100": 0.29476984282960156,
            "ndcg_at_200": 0.2893797398295371,
            "map": 0.13711041989657782,
            "hit_at_100": 0.1165644171779141,
            "median_rank": 121.0,
            "p25_rank": 40.0,
            "p75_rank": 481.0,
            "brier_up": 0.17865087513992695
          }
        },
        {
          "raw": {
            "ndcg_at_100": 0.5235469040281848,
            "ndcg_at_200": 0.5997718577343567,
            "map": 0.37412933312913077,
            "hit_at_100": 0.2392638036809816,
            "median_rank": 106.0,
            "p25_rank": 20.0,
            "p75_rank": 380.0,
            "brier_up": 0.16860322608176265
          },
          "mmr": {
            "ndcg_at_100": 0.42253326806498476,
            "ndcg_at_200": 0.41480690836020084,
            "map": 0.2520234194657948,
            "hit_at_100": 0.13496932515337423,
            "median_rank": 106.0,
            "p25_rank": 20.0,
            "p75_rank": 380.0,
            "brier_up": 0.16860322608176265
          }
        },
        {
          "raw": {
            "ndcg_at_100": 0.546671711917813,
            "ndcg_at_200": 0.6049358999258747,
            "map": 0.3345400988791897,
            "hit_at_100": 0.3006134969325153,
            "median_rank": 69.0,
            "p25_rank": 21.0,
            "p75_rank": 517.0,
            "brier_up": 0.18095908517987294
          },
          "mmr": {
            "ndcg_at_100": 0.4010025251382128,
            "ndcg_at_200": 0.3936698723368528,
            "map": 0.21885268572546476,
            "hit_at_100": 0.1411042944785276,
            "median_rank": 69.0,
            "p25_rank": 21.0,
            "p75_rank": 517.0,
            "brier_up": 0.18095908517987294
          }
        },
        {
          "raw": {
            "ndcg_at_100": 0.3698666247791497,
            "ndcg_at_200": 0.4322650963988117,
            "map": 0.17701760076188727,
            "hit_at_100": 0.2147239263803681,
            "median_rank": 175.0,
            "p25_rank": 65.0,
            "p75_rank": 1099.0,
            "brier_up": 0.1883640688726507
          },
          "mmr": {
            "ndcg_at_100": 0.20847533238459506,
            "ndcg_at_200": 0.2046631937216341,
            "map": 0.07383745506194486,
            "hit_at_100": 0.08588957055214724,
            "median_rank": 175.0,
            "p25_rank": 65.0,
            "p75_rank": 1099.0,
            "brier_up": 0.1883640688726507
          }
        }
      ]
    },
    "margin3_up": {
      "mean": {
        "raw": {
          "ndcg_at_100": 0.45206442678936865,
          "ndcg_at_200": 0.5204466167650675,
          "map": 0.2740747231947615,
          "hit_at_100": 0.24266048181954214,
          "median_rank": 129.5,
          "p25_rank": 37.1,
          "p75_rank": 626.25,
          "brier_up": 0.0
        },
        "mmr": {
          "ndcg_at_100": 0.33366038923198105,
          "ndcg_at_200": 0.32743985620719596,
          "map": 0.1698972684260986,
          "hit_at_100": 0.12253478976507556,
          "median_rank": 129.5,
          "p25_rank": 37.1,
          "p75_rank": 626.25,
          "brier_up": 0.0
        }
      },
      "std": {
        "raw": {
          "ndcg_at_100": 0.06385854604381976,
          "ndcg_at_200": 0.0720125920423053,
          "map": 0.07121819718974381,
          "hit_at_100": 0.024537486699395178,
          "median_rank": 38.64194612076364,
          "p25_rank": 16.44506004853737,
          "p75_rank": 224.55945760532998,
          "brier_up": 0.0
        },
        "mmr": {
          "ndcg_at_100": 0.07992433153347808,
          "ndcg_at_200": 0.07846053056414835,
          "map": 0.06524950737654832,
          "hit_at_100": 0.023518276811337724,
          "median_rank": 38.64194612076364,
          "p25_rank": 16.44506004853737,
          "p75_rank": 224.55945760532998,
          "brier_up": 0.0
        }
      },
      "per_fold": [
        {
          "raw": {
            "ndcg_at_100": 0.4244445295276091,
            "ndcg_at_200": 0.4791581676713486,
            "map": 0.2338215820847673,
            "hit_at_100": 0.23170731707317074,
            "median_rank": 182.5,
            "p25_rank": 43.5,
            "p75_rank": 662.25,
            "brier_up": 0.0
          },
          "mmr": {
            "ndcg_at_100": 0.33545815376952537,
            "ndcg_at_200": 0.3287276064138807,
            "map": 0.15703496503496503,
            "hit_at_100": 0.13414634146341464,
            "median_rank": 182.5,
            "p25_rank": 43.5,
            "p75_rank": 662.25,
            "brier_up": 0.0
          }
        },
        {
          "raw": {
            "ndcg_at_100": 0.41872919426416766,
            "ndcg_at_200": 0.48486633928354467,
            "map": 0.2542128598216147,
            "hit_at_100": 0.2392638036809816,
            "median_rank": 121.0,
            "p25_rank": 38.0,
            "p75_rank": 481.0,
            "brier_up": 0.0
          },