{
  "config": {
    "split": "5-fold-stratified",
    "window_days": 30,
    "user_token": "default",
    "user_id": 1,
    "n_candidates": 3578,
    "n_feedback_valid": 826,
    "labels": {
      "0": 271,
      "1": 307,
      "2": 248
    },
    "candidate_recall": {
      "down": {
        "present": 271,
        "total": 609,
        "recall": 0.44499178981937604
      },
      "neutral": {
        "present": 307,
        "total": 417,
        "recall": 0.7362110311750599
      },
      "up": {
        "present": 248,
        "total": 794,
        "recall": 0.3123425692695214
      }
    },
    "svm_c": 1.5,
    "svm_gamma": 0.03,
    "knn_k": 10,
    "positive_cluster_k": 4,
    "mmr_threshold": 0.75,
    "mmr_limit": 40,
    "db_sha256": "fba69bb67f5f4b81"
  },
  "variants": {
    "logreg_up": {
      "mean": {
        "raw": {
          "ndcg_at_100": 0.34464405768541045,
          "ndcg_at_40": 0.32983343624055383,
          "ndcg_at_200": 0.40585572839768763,
          "map": 0.18579712043341629,
          "precision_at_40": 0.295,
          "downvote_rate_at_40": 0.005,
          "hit_at_100": 0.16711938663745896,
          "median_rank": 208.3,
          "p25_rank": 42.7,
          "p75_rank": 729.65,
          "brier_up": 0.16968841309323449
        },
        "mmr": {
          "ndcg_at_100": 0.25136166839089513,
          "ndcg_at_40": 0.3276054753947811,
          "ndcg_at_200": 0.2458114052871503,
          "map": 0.10094791850764169,
          "precision_at_40": 0.29000000000000004,
          "downvote_rate_at_40": 0.01,
          "hit_at_100": 0.0883753194596568,
          "median_rank": 208.3,
          "p25_rank": 42.7,
          "p75_rank": 729.65,
          "brier_up": 0.16968841309323449
        }
      },
      "std": {
        "raw": {
          "ndcg_at_100": 0.044059061987360516,
          "ndcg_at_40": 0.05904850844048426,
          "ndcg_at_200": 0.036737958644969156,
          "map": 0.02395403815033428,
          "precision_at_40": 0.029154759474226504,
          "downvote_rate_at_40": 0.01,
          "hit_at_100": 0.02802107072035245,
          "median_rank": 41.75116764834248,
          "p25_rank": 5.539404300103035,
          "p75_rank": 70.0957559342932,
          "brier_up": 0.015304018057981936
        },
        "mmr": {
          "ndcg_at_100": 0.050030749027557886,
          "ndcg_at_40": 0.06556950802496893,
          "ndcg_at_200": 0.04893178512700933,
          "map": 0.03347933177199749,
          "precision_at_40": 0.03391164991562634,
          "downvote_rate_at_40": 0.012247448713915893,
          "hit_at_100": 0.008191573531534688,
          "median_rank": 41.75116764834248,
          "p25_rank": 5.539404300103035,
          "p75_rank": 70.0957559342932,
          "brier_up": 0.015304018057981936
        }
      },
      "per_fold": [
        {
          "raw": {
            "ndcg_at_100": 0.306113536487106,
            "ndcg_at_40": 0.351279384455442,
            "ndcg_at_200": 0.37334475259987965,
            "map": 0.18355611583500966,
            "precision_at_40": 0.325,
            "downvote_rate_at_40": 0.025,
            "hit_at_100": 0.12650602409638553,
            "median_rank": 281.5,
            "p25_rank": 46.5,
            "p75_rank": 624.25,
            "brier_up": 0.15848921930276064
          },
          "mmr": {
            "ndcg_at_100": 0.2685835194327466,
            "ndcg_at_40": 0.351279384455442,
            "ndcg_at_200": 0.262673388786391,
            "map": 0.11743367475870983,
            "precision_at_40": 0.325,
            "downvote_rate_at_40": 0.025,
            "hit_at_100": 0.09036144578313253,
            "median_rank": 281.5,
            "p25_rank": 46.5,
            "p75_rank": 624.25,
            "brier_up": 0.15848921930276064
          }
        },
        {
          "raw": {
            "ndcg_at_100": 0.2919336677764113,
            "ndcg_at_40": 0.21566108047423996,
            "ndcg_at_200": 0.3689414481922646,
            "map": 0.14232731477258562,
            "precision_at_40": 0.25,
            "downvote_rate_at_40": 0.0,
            "hit_at_100": 0.1696969696969697,
            "median_rank": 152.0,
            "p25_rank": 49.0,
            "p75_rank": 668.0,
            "brier_up": 0.15863686211938668
          },
          "mmr": {
            "ndcg_at_100": 0.15832848121006327,
            "ndcg_at_40": 0.2050639318085677,
            "ndcg_at_200": 0.1548110467047352,
            "map": 0.03694967164354919,
            "precision_at_40": 0.225,
            "downvote_rate_at_40": 0.0,
            "hit_at_100": 0.07878787878787878,
            "median_rank": 152.0,
            "p25_rank": 49.0,
            "p75_rank": 668.0,
            "brier_up": 0.15863686211938668
          }
        },
        {
          "raw": {
            "ndcg_at_100": 0.39462770660839397,
            "ndcg_at_40": 0.3626782138360848,
            "ndcg_at_200": 0.44678140602179783,
            "map": 0.20456939302668725,
            "precision_at_40": 0.275,
            "downvote_rate_at_40": 0.0,
            "hit_at_100": 0.19393939393939394,
            "median_rank": 195.0,
            "p25_rank": 43.0,
            "p75_rank": 787.0,
            "brier_up": 0.18028106297959576
          },
          "mmr": {
            "ndcg_at_100": 0.29366809813169237,
            "ndcg_at_40": 0.38035313917860997,
            "ndcg_at_200": 0.28714395103201795,
            "map": 0.12480520916500572,
            "precision_at_40": 0.3,
            "downvote_rate_at_40": 0.025,
            "hit_at_100": 0.09696969696969697,
            "median_rank": 195.0,
            "p25_rank": 43.0,
            "p75_rank": 787.0,
            "brier_up": 0.18028106297959576
          }
        },
        {
          "raw": {
            "ndcg_at_100": 0.39762676461609303,
            "ndcg_at_40": 0.3828685363424994,
            "ndcg_at_200": 0.4536296605569107,
            "map": 0.21064823860276544,
            "precision_at_40": 0.3,
            "downvote_rate_at_40": 0.0,
            "hit_at_100": 0.2,
            "median_rank": 205.0,
            "p25_rank": 42.25,
            "p75_rank": 797.75,
            "brier_up": 0.19479628704479382
          },
          "mmr": {
            "ndcg_at_100": 0.2927361625002411,
            "ndcg_at_40": 0.3828685363424994,
            "ndcg_at_200": 0.28629455741239646,
            "map": 0.12670063892784791,
            "precision_at_40": 0.3,
            "downvote_rate_at_40": 0.0,
            "hit_at_100": 0.09696969696969697,
            "median_rank": 205.0,
            "p25_rank": 42.25,
            "p75_rank": 797.75,
            "brier_up": 0.19479628704479382
          }
        },
        {
          "raw": {
            "ndcg_at_100": 0.332918612939048,
            "ndcg_at_40": 0.3366799660945027,
            "ndcg_at_200": 0.38658137461758546,
            "map": 0.1878845399300334,
            "precision_at_40": 0.325,
            "downvote_rate_at_40": 0.0,
            "hit_at_100": 0.14545454545454545,
            "median_rank": 208.0,
            "p25_rank": 32.75,
            "p75_rank": 771.25,
            "brier_up": 0.15623863401963553
          },
          "mmr": {
            "ndcg_at_100": 0.2434920806797323,
            "ndcg_at_40": 0.31846238518878617,
            "ndcg_at_200": 0.23813408250021065,
            "map": 0.09885039804309581,
            "precision_at_40": 0.3,
            "downvote_rate_at_40": 0.0,
            "hit_at_100": 0.07878787878787878,
            "median_rank": 208.0,
            "p25_rank": 32.75,
            "p75_rank": 771.25,
            "brier_up": 0.15623863401963553
          }
        }
      ]
    }
  }
}