{
  "config": {
    "split": "5-fold-stratified",
    "random_state": 0,
    "n_feedback": 1712,
    "n_candidates": 4048,
    "n_folds": 5,
    "mmr_threshold": 0.5,
    "mmr_limit": 40,
    "relevance_grade": "up=1, neutral=0.5, down=0",
    "db_sha256": "ed4da31dabc92462"
  },
  "formulas": {
    "current": {
      "mean": {
        "mmr": {
          "ndcg_at_5": 1.0,
          "ndcg_at_10": 1.0,
          "ndcg_at_20": 0.9999999999999998,
          "ndcg_at_40": 0.9789471840174231,
          "hit_at_40": 0.11507169283753602,
          "map": 0.2565841842281306,
          "brier_up": 0.1489958518975339,
          "median_rank": 87.5
        },
        "raw": {
          "ndcg_at_5": 1.0,
          "ndcg_at_10": 1.0,
          "ndcg_at_20": 0.9999999999999998,
          "ndcg_at_40": 0.9961168939801581,
          "hit_at_40": 0.11682266891719092,
          "map": 0.6900452357310732,
          "brier_up": 0.1489958518975339,
          "median_rank": 87.5
        }
      },
      "std": {
        "mmr": {
          "ndcg_at_5": 0.0,
          "ndcg_at_10": 0.0,
          "ndcg_at_20": 1.2161883888976234e-16,
          "ndcg_at_40": 0.01273386773850141,
          "hit_at_40": 0.0015458067102994937,
          "map": 0.005370154473079906,
          "brier_up": 0.007285234587702452,
          "median_rank": 5.2345009313209605
        },
        "raw": {
          "ndcg_at_5": 0.0,
          "ndcg_at_10": 9.930136612989092e-17,
          "ndcg_at_20": 1.3136335981433191e-16,
          "ndcg_at_40": 0.007766212039683607,
          "hit_at_40": 0.00016704957923947077,
          "map": 0.02387470270074314,
          "brier_up": 0.007285234587702452,
          "median_rank": 5.2345009313209605
        }
      },
      "per_fold": [
        {
          "mmr": {
            "ndcg_at_5": 1.0,
            "ndcg_at_10": 1.0,
            "ndcg_at_20": 0.9999999999999998,
            "ndcg_at_40": 0.9656335807354863,
            "hit_at_40": 0.11370262390670553,
            "map": 0.25080590014364845,
            "brier_up": 0.14778541383763066,
            "median_rank": 87.0
          },
          "raw": {
            "ndcg_at_5": 1.0,
            "ndcg_at_10": 1.0,
            "ndcg_at_20": 0.9999999999999999,
            "ndcg_at_40": 0.9999999999999999,
            "hit_at_40": 0.11661807580174927,
            "map": 0.6911416043967755,
            "brier_up": 0.14778541383763066,
            "median_rank": 87.0
          }
        },
        {
          "mmr": {
            "ndcg_at_5": 1.0,
            "ndcg_at_10": 1.0,
            "ndcg_at_20": 0.9999999999999998,
            "ndcg_at_40": 0.9658633112167673,
            "hit_at_40": 0.11370262390670553,
            "map": 0.25113255733680967,
            "brier_up": 0.14498608790789846,
            "median_rank": 88.0
          },
          "raw": {
            "ndcg_at_5": 1.0,
            "ndcg_at_10": 1.0,
            "ndcg_at_20": 0.9999999999999998,
            "ndcg_at_40": 1.0000000000000002,
            "hit_at_40": 0.11661807580174927,
            "map": 0.6814328298230291,
            "brier_up": 0.14498608790789846,
            "median_rank": 88.0
          }
        },
        {
          "mmr": {
            "ndcg_at_5": 1.0,
            "ndcg_at_10": 1.0,
            "ndcg_at_20": 0.9999999999999999,
            "ndcg_at_40": 0.9831708717803861,
            "hit_at_40": 0.11403508771929824,
            "map": 0.26,
            "brier_up": 0.14184067727451508,
            "median_rank": 83.5
          },
          "raw": {
            "ndcg_at_5": 1.0,
            "ndcg_at_10": 1.0,
            "ndcg_at_20": 0.9999999999999999,
            "ndcg_at_40": 1.0000000000000002,
            "hit_at_40": 0.11695906432748537,
            "map": 0.6974472941914802,
            "brier_up": 0.14184067727451508,
            "median_rank": 83.5
          }
        },
        {
          "mmr": {
            "ndcg_at_5": 1.0,
            "ndcg_at_10": 1.0,
            "ndcg_at_20": 1.0,
            "ndcg_at_40": 0.9800681563544762,
            "hit_at_40": 0.11695906432748537,
            "map": 0.2560818014085393,
            "brier_up": 0.14743569054308847,
            "median_rank": 82.0
          },
          "raw": {
            "ndcg_at_5": 1.0,
            "ndcg_at_10": 0.9999999999999998,
            "ndcg_at_20": 1.0,
            "ndcg_at_40": 0.9805844699007911,
            "hit_at_40": 0.11695906432748537,
            "map": 0.7269792818134015,
            "brier_up": 0.14743569054308847,
            "median_rank": 82.0
          }
        },
        {
          "mmr": {
            "ndcg_at_5": 1.0,
            "ndcg_at_10": 1.0,
            "ndcg_at_20": 0.9999999999999999,
            "ndcg_at_40": 1.0000000000000002,
            "hit_at_40": 0.11695906432748537,
            "map": 0.26490066225165565,
            "brier_up": 0.1629313899245368,
            "median_rank": 97.0
          },
          "raw": {
            "ndcg_at_5": 1.0,
            "ndcg_at_10": 1.0,
            "ndcg_at_20": 0.9999999999999999,
            "ndcg_at_40": 1.0,
            "hit_at_40": 0.11695906432748537,
            "map": 0.6532251684306801,
            "brier_up": 0.1629313899245368,
            "median_rank": 97.0
          }
        }
      ]
    },
    "up_only": {
      "mean": {
        "mmr": {
          "ndcg_at_5": 1.0,
          "ndcg_at_10": 1.0,
          "ndcg_at_20": 0.9999999999999998,
          "ndcg_at_40": 0.9789471840174231,
          "hit_at_40": 0.11507169283753602,
          "map": 0.2565841842281306,
          "brier_up": 0.1489958518975339,
          "median_rank": 87.5
        },
        "raw": {
          "ndcg_at_5": 1.0,
          "ndcg_at_10": 1.0,
          "ndcg_at_20": 0.9999999999999998,
          "ndcg_at_40": 0.9961168939801581,
          "hit_at_40": 0.11682266891719092,
          "map": 0.6900452357310732,
          "brier_up": 0.1489958518975339,
          "median_rank": 87.5
        }
      },
      "std": {
        "mmr": {
          "ndcg_at_5": 0.0,
          "ndcg_at_10": 0.0,
          "ndcg_at_20": 1.2161883888976234e-16,
          "ndcg_at_40": 0.01273386773850141,
          "hit_at_40": 0.0015458067102994937,
          "map": 0.005370154473079906,
          "brier_up": 0.007285234587702452,
          "median_rank": 5.2345009313209605
        },
        "raw": {
          "ndcg_at_5": 0.0,
          "ndcg_at_10": 9.930136612989092e-17,
          "ndcg_at_20": 1.3136335981433191e-16,
          "ndcg_at_40": 0.007766212039683607,
          "hit_at_40": 0.00016704957923947077,
          "map": 0.02387470270074314,
          "brier_up": 0.007285234587702452,
          "median_rank": 5.2345009313209605
        }
      },
      "per_fold": [
        {
          "mmr": {
            "ndcg_at_5": 1.0,
            "ndcg_at_10": 1.0,
            "ndcg_at_20": 0.9999999999999998,
            "ndcg_at_40": 0.9656335807354863,
            "hit_at_40": 0.11370262390670553,
            "map": 0.25080590014364845,
            "brier_up": 0.14778541383763066,
            "median_rank": 87.0
          },
          "raw": {
            "ndcg_at_5": 1.0,
            "ndcg_at_10": 1.0,
            "ndcg_at_20": 0.9999999999999999,
            "ndcg_at_40": 0.9999999999999999,
            "hit_at_40": 0.11661807580174927,
            "map": 0.6911416043967755,
            "brier_up": 0.14778541383763066,
            "median_rank": 87.0
          }
        },
        {
          "mmr": {
            "ndcg_at_5": 1.0,
            "ndcg_at_10": 1.0,
            "ndcg_at_20": 0.9999999999999998,
            "ndcg_at_40": 0.9658633112167673,
            "hit_at_40": 0.11370262390670553,
            "map": 0.25113255733680967,
            "brier_up": 0.14498608790789846,
            "median_rank": 88.0
          },
          "raw": {
            "ndcg_at_5": 1.0,
            "ndcg_at_10": 1.0,
            "ndcg_at_20": 0.9999999999999998,
            "ndcg_at_40": 1.0000000000000002,