{
  "config": {
    "split": "5-fold-stratified",
    "window_days": 30,
    "user_token": "default",
    "user_id": 1,
    "n_candidates": 3578,
    "n_feedback_valid": 826,
    "labels": {
      "0": 271,
      "1": 307,
      "2": 248
    },
    "candidate_recall": {
      "down": {
        "present": 271,
        "total": 609,
        "recall": 0.44499178981937604
      },
      "neutral": {
        "present": 307,
        "total": 417,
        "recall": 0.7362110311750599
      },
      "up": {
        "present": 248,
        "total": 794,
        "recall": 0.3123425692695214
      }
    },
    "svm_c": 3.0,
    "svm_gamma": 0.03,
    "knn_k": 10,
    "positive_cluster_k": 4,
    "mmr_threshold": 0.75,
    "mmr_limit": 40,
    "db_sha256": "fba69bb67f5f4b81"
  },
  "variants": {
    "logreg_up": {
      "mean": {
        "raw": {
          "ndcg_at_100": 0.2929815404944581,
          "ndcg_at_40": 0.274037197239709,
          "ndcg_at_200": 0.35431409498937294,
          "map": 0.15019239673811444,
          "precision_at_40": 0.255,
          "downvote_rate_at_40": 0.0,
          "hit_at_100": 0.14530850675428986,
          "median_rank": 265.1,
          "p25_rank": 62.85,
          "p75_rank": 866.6,
          "brier_up": 0.17448922882899928
        },
        "mmr": {
          "ndcg_at_100": 0.21347219646881718,
          "ndcg_at_40": 0.27825812245104803,
          "ndcg_at_200": 0.20875914197613815,
          "map": 0.08060442742342558,
          "precision_at_40": 0.26,
          "downvote_rate_at_40": 0.0,
          "hit_at_100": 0.0726323475721066,
          "median_rank": 265.1,
          "p25_rank": 62.85,
          "p75_rank": 866.6,
          "brier_up": 0.17448922882899928
        }
      },
      "std": {
        "raw": {
          "ndcg_at_100": 0.038536830894982124,
          "ndcg_at_40": 0.07007342891254158,
          "ndcg_at_200": 0.030580402251814708,
          "map": 0.024532481468729536,
          "precision_at_40": 0.05338539126015657,
          "downvote_rate_at_40": 0.0,
          "hit_at_100": 0.022181398925928672,
          "median_rank": 64.61454944515205,
          "p25_rank": 12.20409767250328,
          "p75_rank": 65.7500190114041,
          "brier_up": 0.017175557702969323
        },
        "mmr": {
          "ndcg_at_100": 0.054138952370176636,
          "ndcg_at_40": 0.07094397336080528,
          "ndcg_at_200": 0.05294971187145993,
          "map": 0.033338255739799184,
          "precision_at_40": 0.05385164807134505,
          "downvote_rate_at_40": 0.0,
          "hit_at_100": 0.013236086096117287,
          "median_rank": 64.61454944515205,
          "p25_rank": 12.20409767250328,
          "p75_rank": 65.7500190114041,
          "brier_up": 0.017175557702969323
        }
      },
      "per_fold": [
        {
          "raw": {
            "ndcg_at_100": 0.2806985981188517,
            "ndcg_at_40": 0.3327741765033359,
            "ndcg_at_200": 0.34285956867810125,
            "map": 0.1593111504335344,
            "precision_at_40": 0.325,
            "downvote_rate_at_40": 0.0,
            "hit_at_100": 0.12048192771084337,
            "median_rank": 352.0,
            "p25_rank": 45.0,
            "p75_rank": 769.75,
            "brier_up": 0.16291336978455412
          },
          "mmr": {
            "ndcg_at_100": 0.25443468491654986,
            "ndcg_at_40": 0.3327741765033359,
            "ndcg_at_200": 0.2488358967556193,
            "map": 0.106141305707499,
            "precision_at_40": 0.325,
            "downvote_rate_at_40": 0.0,
            "hit_at_100": 0.0783132530120482,
            "median_rank": 352.0,
            "p25_rank": 45.0,
            "p75_rank": 769.75,
            "brier_up": 0.16291336978455412
          }
        },
        {
          "raw": {
            "ndcg_at_100": 0.24425497129622908,
            "ndcg_at_40": 0.15568597967593847,
            "ndcg_at_200": 0.32763383180863254,
            "map": 0.11232368986495052,
            "precision_at_40": 0.175,
            "downvote_rate_at_40": 0.0,
            "hit_at_100": 0.1393939393939394,
            "median_rank": 175.0,
            "p25_rank": 71.0,
            "p75_rank": 841.0,
            "brier_up": 0.16007519501300607
          },
          "mmr": {
            "ndcg_at_100": 0.12240869289987644,
            "ndcg_at_40": 0.15854132915159122,
            "ndcg_at_200": 0.11968925444592653,
            "map": 0.02408367228388674,
            "precision_at_40": 0.175,
            "downvote_rate_at_40": 0.0,
            "hit_at_100": 0.05454545454545454,
            "median_rank": 175.0,
            "p25_rank": 71.0,
            "p75_rank": 841.0,
            "brier_up": 0.16007519501300607
          }
        },
        {
          "raw": {
            "ndcg_at_100": 0.33668642228757634,
            "ndcg_at_40": 0.30255235494143995,
            "ndcg_at_200": 0.3861596360399249,
            "map": 0.16936066474585373,
            "precision_at_40": 0.25,
            "downvote_rate_at_40": 0.0,
            "hit_at_100": 0.15757575757575756,
            "median_rank": 239.0,
            "p25_rank": 56.0,
            "p75_rank": 953.0,
            "brier_up": 0.18267486785252
          },
          "mmr": {
            "ndcg_at_100": 0.24774341822229695,
            "ndcg_at_40": 0.32087239789128696,
            "ndcg_at_200": 0.24223953641238516,
            "map": 0.09982198825562257,
            "precision_at_40": 0.275,
            "downvote_rate_at_40": 0.0,
            "hit_at_100": 0.07878787878787878,
            "median_rank": 239.0,
            "p25_rank": 56.0,
            "p75_rank": 953.0,
            "brier_up": 0.18267486785252
          }
        },
        {
          "raw": {
            "ndcg_at_100": 0.33931969927503425,
            "ndcg_at_40": 0.34342767521729595,
            "ndcg_at_200": 0.3948675857073867,
            "map": 0.17820710379588894,
            "precision_at_40": 0.3,
            "downvote_rate_at_40": 0.0,
            "hit_at_100": 0.18181818181818182,
            "median_rank": 234.5,
            "p25_rank": 61.75,
            "p75_rank": 926.25,
            "brier_up": 0.2046955057540484
          },
          "mmr": {
            "ndcg_at_100": 0.2625261005368628,
            "ndcg_at_40": 0.3433569088484916,
            "ndcg_at_200": 0.2567492622724448,
            "map": 0.11170594010088873,
            "precision_at_40": 0.3,
            "downvote_rate_at_40": 0.0,
            "hit_at_100": 0.09090909090909091,
            "median_rank": 234.5,
            "p25_rank": 61.75,
            "p75_rank": 926.25,
            "brier_up": 0.2046955057540484
          }
        },
        {
          "raw": {
            "ndcg_at_100": 0.2639480114945991,
            "ndcg_at_40": 0.23574579986053465,
            "ndcg_at_200": 0.3200498527128194,
            "map": 0.1317593748503446,
            "precision_at_40": 0.225,
            "downvote_rate_at_40": 0.0,
            "hit_at_100": 0.12727272727272726,
            "median_rank": 325.0,
            "p25_rank": 80.5,
            "p75_rank": 843.0,
            "brier_up": 0.16208720574086785
          },
          "mmr": {
            "ndcg_at_100": 0.1802480857684997,
            "ndcg_at_40": 0.23574579986053465,
            "ndcg_at_200": 0.17628175999431503,
            "map": 0.06126923076923077,
            "precision_at_40": 0.225,
            "downvote_rate_at_40": 0.0,
            "hit_at_100": 0.06060606060606061,
            "median_rank": 325.0,
            "p25_rank": 80.5,
            "p75_rank": 843.0,
            "brier_up": 0.16208720574086785
          }
        }
      ]
    }
  }
}