{
  "config": {
    "split": "5-fold-stratified",
    "random_state": 0,
    "user_token": "default",
    "user_id": 1,
    "n_feedback": 1796,
    "n_candidates": 4402,
    "n_folds": 5,
    "mmr_threshold": 0.5,
    "mmr_limit": 40,
    "relevance_grade": "up=1, neutral=0.2, down=0",
    "db_sha256": "7047e9cb5868ac61",
    "feature_set": "common-only (embeddings + text_length + 4 sim)",
    "removed": "scores, comment_counts, hn_quality, comment_score_ratio, score_velocity, comment_velocity, is_hn",
    "n_features": 389
  },
  "formulas": {
    "current": {
      "mean": {
        "mmr": {
          "ndcg_at_100": 0.17197715216872467,
          "ndcg_at_200": 0.11889654484926522,
          "ndcg_at_500": 0.11508936479734269,
          "hit_at_100": 0.04231662024141133,
          "hit_at_200": 0.04231662024141133,
          "hit_at_500": 0.04231662024141133,
          "map": 0.03182058858093189,
          "brier_up": 0.16418976705499227,
          "median_rank": 305.0,
          "p25_rank": 111.25,
          "p75_rank": 590.05
        },
        "raw": {
          "ndcg_at_100": 0.3596187918973256,
          "ndcg_at_200": 0.3658465770124909,
          "ndcg_at_500": 0.5380293120048025,
          "hit_at_100": 0.11636799752398638,
          "hit_at_200": 0.1987774682760755,
          "hit_at_500": 0.38865057257814917,
          "map": 0.2656771782877686,
          "brier_up": 0.16418976705499227,
          "median_rank": 305.0,
          "p25_rank": 111.25,
          "p75_rank": 590.05
        }
      },
      "std": {
        "mmr": {
          "ndcg_at_100": 0.031036339146656607,
          "ndcg_at_200": 0.021549610563188323,
          "ndcg_at_500": 0.020856672299994168,
          "hit_at_100": 0.007558767265300934,
          "hit_at_200": 0.007558767265300934,
          "hit_at_500": 0.007558767265300934,
          "map": 0.01013384888828219,
          "brier_up": 0.010057773537268621,
          "median_rank": 42.22203216331493,
          "p25_rank": 13.177632564311391,
          "p75_rank": 52.028213499984794
        },
        "raw": {
          "ndcg_at_100": 0.030539044377091335,
          "ndcg_at_200": 0.030205766480966567,
          "ndcg_at_500": 0.03818849458885655,
          "hit_at_100": 0.01261347939824298,
          "hit_at_200": 0.02098492296414473,
          "hit_at_500": 0.030753898870769902,
          "map": 0.02618757951789538,
          "brier_up": 0.010057773537268621,
          "median_rank": 42.22203216331493,
          "p25_rank": 13.177632564311391,
          "p75_rank": 52.028213499984794
        }
      },
      "per_fold": [
        {
          "mmr": {
            "ndcg_at_100": 0.16036488484253647,
            "ndcg_at_200": 0.11069927347596421,
            "ndcg_at_500": 0.10715982265198695,
            "hit_at_100": 0.041666666666666664,
            "hit_at_200": 0.041666666666666664,
            "hit_at_500": 0.041666666666666664,
            "map": 0.02671706384808136,
            "brier_up": 0.15604500417037753,
            "median_rank": 299.0,
            "p25_rank": 97.25,
            "p75_rank": 584.25
          },
          "raw": {
            "ndcg_at_100": 0.3735648096729858,
            "ndcg_at_200": 0.3731559675330774,
            "ndcg_at_500": 0.5366819701387486,
            "hit_at_100": 0.11944444444444445,
            "hit_at_200": 0.19444444444444445,
            "hit_at_500": 0.37222222222222223,
            "map": 0.2702338911570959,
            "brier_up": 0.15604500417037753,
            "median_rank": 299.0,
            "p25_rank": 97.25,
            "p75_rank": 584.25
          }
        },
        {
          "mmr": {
            "ndcg_at_100": 0.13519560170100356,
            "ndcg_at_200": 0.09366280884743605,
            "ndcg_at_500": 0.09065758274438802,
            "hit_at_100": 0.03064066852367688,
            "hit_at_200": 0.03064066852367688,
            "hit_at_500": 0.03064066852367688,
            "map": 0.02168146797221357,
            "brier_up": 0.1808343266379924,
            "median_rank": 345.0,
            "p25_rank": 130.0,
            "p75_rank": 658.0
          },
          "raw": {
            "ndcg_at_100": 0.3266278506500301,
            "ndcg_at_200": 0.3430965029243688,
            "ndcg_at_500": 0.4952530793608288,
            "hit_at_100": 0.10306406685236769,
            "hit_at_200": 0.17827298050139276,
            "hit_at_500": 0.37604456824512533,
            "map": 0.23863668969166985,
            "brier_up": 0.1808343266379924,
            "median_rank": 345.0,
            "p25_rank": 130.0,
            "p75_rank": 658.0
          }
        },
        {
          "mmr": {
            "ndcg_at_100": 0.227745613621825,
            "ndcg_at_200": 0.15778097516573783,
            "ndcg_at_500": 0.15271848012670047,
            "hit_at_100": 0.052924791086350974,
            "hit_at_200": 0.052924791086350974,
            "hit_at_500": 0.052924791086350974,
            "map": 0.05120360243995445,
            "brier_up": 0.16882139279189107,
            "median_rank": 314.0,
            "p25_rank": 109.0,
            "p75_rank": 539.0
          },
          "raw": {
            "ndcg_at_100": 0.39368017871110894,
            "ndcg_at_200": 0.37697292681453903,
            "ndcg_at_500": 0.5818756086959431,
            "hit_at_100": 0.1309192200557103,
            "hit_at_200": 0.20891364902506965,
            "hit_at_500": 0.43454038997214484,
            "map": 0.279495356300641,
            "brier_up": 0.16882139279189107,
            "median_rank": 314.0,
            "p25_rank": 109.0,
            "p75_rank": 539.0
          }
        },
        {
          "mmr": {
            "ndcg_at_100": 0.15851152390419077,
            "ndcg_at_200": 0.1094199054299917,
            "ndcg_at_500": 0.10592136056810707,
            "hit_at_100": 0.03899721448467967,
            "hit_at_200": 0.03899721448467967,
            "hit_at_500": 0.03899721448467967,
            "map": 0.029329581885472047,
            "brier_up": 0.15239211394534585,
            "median_rank": 227.5,
            "p25_rank": 97.5,
            "p75_rank": 528.75
          },
          "raw": {
            "ndcg_at_100": 0.3845709005188072,
            "ndcg_at_200": 0.41192325086468046,
            "ndcg_at_500": 0.5802253403391631,
            "hit_at_100": 0.12813370473537605,
            "hit_at_200": 0.233983286908078,
            "hit_at_500": 0.41225626740947074,
            "map": 0.30499930847496953,
            "brier_up": 0.15239211394534585,
            "median_rank": 227.5,
            "p25_rank": 97.5,
            "p75_rank": 528.75
          }
        },
        {
          "mmr": {
            "ndcg_at_100": 0.17806813677406752,
            "ndcg_at_200": 0.12291976132719629,
            "ndcg_at_500": 0.11898957789553088,
            "hit_at_100": 0.04735376044568245,
            "hit_at_200": 0.04735376044568245,
            "hit_at_500": 0.04735376044568245,
            "map": 0.03017122675893802,
            "brier_up": 0.1628559977293544,
            "median_rank": 339.5,
            "p25_rank": 122.5,
            "p75_rank": 640.25
          },
          "raw": {
            "ndcg_at_100": 0.3196502199336959,
            "ndcg_at_200": 0.324084236925789,
            "ndcg_at_500": 0.4961105614893284,
            "hit_at_100": 0.10027855153203342,
            "hit_at_200": 0.17827298050139276,
            "hit_at_500": 0.34818941504178275,
            "map": 0.2350206458144666,
            "brier_up": 0.1628559977293544,
            "median_rank": 339.5,
            "p25_rank": 122.5,
            "p75_rank": 640.25
          }
        }
      ]
    },
    "hn_baseline": {
      "mean": {
        "mmr": {
          "ndcg_at_100": 0.2364385130408524,
          "ndcg_at_200": 0.16348356449899012,
          "ndcg_at_500": 0.15824799579653598,
          "hit_at_100": 0.06904209223150728,
          "hit_at_200": 0.06904209223150728,
          "hit_at_500": 0.06904209223150728,