{
  "config": {
    "split": "5-fold-stratified",
    "window_days": 30,
    "user_token": "default",
    "user_id": 1,
    "n_candidates": 3578,
    "n_feedback_valid": 826,
    "labels": {
      "0": 271,
      "1": 307,
      "2": 248
    },
    "candidate_recall": {
      "down": {
        "present": 271,
        "total": 609,
        "recall": 0.44499178981937604
      },
      "neutral": {
        "present": 307,
        "total": 417,
        "recall": 0.7362110311750599
      },
      "up": {
        "present": 248,
        "total": 794,
        "recall": 0.3123425692695214
      }
    },
    "svm_c": 0.2,
    "svm_gamma": 0.03,
    "knn_k": 10,
    "positive_cluster_k": 4,
    "mmr_threshold": 0.75,
    "mmr_limit": 40,
    "db_sha256": "fba69bb67f5f4b81"
  },
  "variants": {
    "logreg_up": {
      "mean": {
        "raw": {
          "ndcg_at_100": 0.3917686659813945,
          "ndcg_at_40": 0.3801364614956514,
          "ndcg_at_200": 0.4507252514945952,
          "map": 0.22453355864634292,
          "precision_at_40": 0.32999999999999996,
          "downvote_rate_at_40": 0.01,
          "hit_at_100": 0.1961883899233297,
          "median_rank": 166.1,
          "p25_rank": 36.05,
          "p75_rank": 533.8,
          "brier_up": 0.17039360270120882
        },
        "mmr": {
          "ndcg_at_100": 0.28380128180356384,
          "ndcg_at_40": 0.3698926978992284,
          "ndcg_at_200": 0.27753485819011553,
          "map": 0.12291434393431855,
          "precision_at_40": 0.315,
          "downvote_rate_at_40": 0.015000000000000003,
          "hit_at_100": 0.11019350127783863,
          "median_rank": 166.1,
          "p25_rank": 36.05,
          "p75_rank": 533.8,
          "brier_up": 0.17039360270120882
        }
      },
      "std": {
        "raw": {
          "ndcg_at_100": 0.04080668357723424,
          "ndcg_at_40": 0.06992343282663793,
          "ndcg_at_200": 0.02702876800015546,
          "map": 0.028014602488333495,
          "precision_at_40": 0.050990195135927854,
          "downvote_rate_at_40": 0.02,
          "hit_at_100": 0.031098131120989032,
          "median_rank": 31.34389892786154,
          "p25_rank": 9.51367436903324,
          "p75_rank": 136.98425091958563,
          "brier_up": 0.008551445011657749
        },
        "mmr": {
          "ndcg_at_100": 0.05564956137346753,
          "ndcg_at_40": 0.07297471335106918,
          "ndcg_at_200": 0.05442785753129288,
          "map": 0.038997302102368535,
          "precision_at_40": 0.051478150704935,
          "downvote_rate_at_40": 0.02,
          "hit_at_100": 0.01657214971665351,
          "median_rank": 31.34389892786154,
          "p25_rank": 9.51367436903324,
          "p75_rank": 136.98425091958563,
          "brier_up": 0.008551445011657749
        }
      },
      "per_fold": [
        {
          "raw": {
            "ndcg_at_100": 0.3483360374272169,
            "ndcg_at_40": 0.367548855210268,
            "ndcg_at_200": 0.4307525354566838,
            "map": 0.2142253174857831,
            "precision_at_40": 0.3,
            "downvote_rate_at_40": 0.05,
            "hit_at_100": 0.14457831325301204,
            "median_rank": 208.5,
            "p25_rank": 45.5,
            "p75_rank": 570.25,
            "brier_up": 0.16351069803525126
          },
          "mmr": {
            "ndcg_at_100": 0.2810229391880883,
            "ndcg_at_40": 0.367548855210268,
            "ndcg_at_200": 0.2748390814118098,
            "map": 0.12843449749484231,
            "precision_at_40": 0.3,
            "downvote_rate_at_40": 0.05,
            "hit_at_100": 0.09036144578313253,
            "median_rank": 208.5,
            "p25_rank": 45.5,
            "p75_rank": 570.25,
            "brier_up": 0.16351069803525126
          }
        },
        {
          "raw": {
            "ndcg_at_100": 0.3438602782378859,
            "ndcg_at_40": 0.24876637297043458,
            "ndcg_at_200": 0.41396176737464885,
            "map": 0.1756966260749292,
            "precision_at_40": 0.25,
            "downvote_rate_at_40": 0.0,
            "hit_at_100": 0.2,
            "median_rank": 122.0,
            "p25_rank": 48.0,
            "p75_rank": 387.0,
            "brier_up": 0.1645404257488337
          },
          "mmr": {
            "ndcg_at_100": 0.1775649957598427,
            "ndcg_at_40": 0.22997868673908972,
            "ndcg_at_200": 0.17362020175783716,
            "map": 0.04748919050745044,
            "precision_at_40": 0.225,
            "downvote_rate_at_40": 0.025,
            "hit_at_100": 0.09090909090909091,
            "median_rank": 122.0,
            "p25_rank": 48.0,
            "p75_rank": 387.0,
            "brier_up": 0.1645404257488337
          }
        },
        {
          "raw": {
            "ndcg_at_100": 0.4374071104384456,
            "ndcg_at_40": 0.42695413752185557,
            "ndcg_at_200": 0.4680346683344747,
            "map": 0.2344980560702061,
            "precision_at_40": 0.35,
            "downvote_rate_at_40": 0.0,
            "hit_at_100": 0.22424242424242424,
            "median_rank": 189.0,
            "p25_rank": 33.0,
            "p75_rank": 765.0,
            "brier_up": 0.1786799764427534
          },
          "mmr": {
            "ndcg_at_100": 0.32964841522346905,
            "ndcg_at_40": 0.42695413752185557,
            "ndcg_at_200": 0.32232492736157675,
            "map": 0.14530962729484243,
            "precision_at_40": 0.35,
            "downvote_rate_at_40": 0.0,
            "hit_at_100": 0.12727272727272726,
            "median_rank": 189.0,
            "p25_rank": 33.0,
            "p75_rank": 765.0,
            "brier_up": 0.1786799764427534
          }
        },
        {
          "raw": {
            "ndcg_at_100": 0.4371708957253253,
            "ndcg_at_40": 0.4364491411951972,
            "ndcg_at_200": 0.49075436138755824,
            "map": 0.24124597594157077,
            "precision_at_40": 0.35,
            "downvote_rate_at_40": 0.0,
            "hit_at_100": 0.23030303030303031,
            "median_rank": 141.0,
            "p25_rank": 31.5,
            "p75_rank": 402.0,
            "brier_up": 0.1827534964022683
          },
          "mmr": {
            "ndcg_at_100": 0.3222215078667798,
            "ndcg_at_40": 0.4214323096994398,
            "ndcg_at_200": 0.3151310832101202,
            "map": 0.13539119940551342,
            "precision_at_40": 0.325,
            "downvote_rate_at_40": 0.0,
            "hit_at_100": 0.12727272727272726,
            "median_rank": 141.0,
            "p25_rank": 31.5,
            "p75_rank": 402.0,
            "brier_up": 0.1827534964022683
          }
        },
        {
          "raw": {
            "ndcg_at_100": 0.3920690080780985,
            "ndcg_at_40": 0.4209638005805018,
            "ndcg_at_200": 0.45012292491961053,
            "map": 0.2570018176592255,
            "precision_at_40": 0.4,
            "downvote_rate_at_40": 0.0,
            "hit_at_100": 0.18181818181818182,
            "median_rank": 170.0,
            "p25_rank": 22.25,
            "p75_rank": 544.75,
            "brier_up": 0.1624834168769373
          },
          "mmr": {
            "ndcg_at_100": 0.3085485509796392,
            "ndcg_at_40": 0.40354950032548925,
            "ndcg_at_200": 0.30175899720923377,
            "map": 0.1579472049689441,
            "precision_at_40": 0.375,
            "downvote_rate_at_40": 0.0,
            "hit_at_100": 0.11515151515151516,
            "median_rank": 170.0,
            "p25_rank": 22.25,
            "p75_rank": 544.75,
            "brier_up": 0.1624834168769373
          }
        }
      ]
    }
  }
}