{
  "config": {
    "split": "5-fold-stratified",
    "random_state": 0,
    "n_feedback": 1630,
    "n_candidates": 3545,
    "n_folds": 5,
    "mmr_threshold": 0.85,
    "mmr_limit": 40,
    "relevance_grade": "up=1, neutral=0.5, down=0",
    "db_sha256": "a721976a98c2e0dc"
  },
  "formulas": {
    "current": {
      "mean": {
        "mmr": {
          "ndcg_at_5": 1.0,
          "ndcg_at_10": 1.0,
          "ndcg_at_20": 0.813552216575293,
          "ndcg_at_40": 0.5607960794364435,
          "hit_at_40": 0.05214723926380368,
          "mrr": 0.20035617892596463,
          "median_rank": 687.6
        },
        "raw": {
          "ndcg_at_5": 1.0,
          "ndcg_at_10": 1.0,
          "ndcg_at_20": 0.813552216575293,
          "ndcg_at_40": 0.5607960794364435,
          "hit_at_40": 0.05214723926380368,
          "mrr": 0.20035617892596463,
          "median_rank": 687.6
        }
      },
      "std": {
        "mmr": {
          "ndcg_at_5": 0.0,
          "ndcg_at_10": 9.930136612989092e-17,
          "ndcg_at_20": 0.04909186155653089,
          "ndcg_at_40": 0.05421449642336339,
          "hit_at_40": 0.00799902135607687,
          "mrr": 0.02142570599973944,
          "median_rank": 24.88051446413438
        },
        "raw": {
          "ndcg_at_5": 0.0,
          "ndcg_at_10": 9.930136612989092e-17,
          "ndcg_at_20": 0.04909186155653089,
          "ndcg_at_40": 0.05421449642336339,
          "hit_at_40": 0.00799902135607687,
          "mrr": 0.02142570599973944,
          "median_rank": 24.88051446413438
        }
      },
      "per_fold": [
        {
          "mmr": {
            "ndcg_at_5": 1.0,
            "ndcg_at_10": 1.0,
            "ndcg_at_20": 0.752699487918453,
            "ndcg_at_40": 0.49675413258697987,
            "hit_at_40": 0.04294478527607362,
            "mrr": 0.226641810570382,
            "median_rank": 691.0
          },
          "raw": {
            "ndcg_at_5": 1.0,
            "ndcg_at_10": 1.0,
            "ndcg_at_20": 0.752699487918453,
            "ndcg_at_40": 0.49675413258697987,
            "hit_at_40": 0.04294478527607362,
            "mrr": 0.226641810570382,
            "median_rank": 691.0
          }
        },
        {
          "mmr": {
            "ndcg_at_5": 1.0,
            "ndcg_at_10": 1.0,
            "ndcg_at_20": 0.8325461019445386,
            "ndcg_at_40": 0.6029622326681634,
            "hit_at_40": 0.05828220858895705,
            "mrr": 0.18229536926333265,
            "median_rank": 654.0
          },
          "raw": {
            "ndcg_at_5": 1.0,
            "ndcg_at_10": 1.0,
            "ndcg_at_20": 0.8325461019445386,
            "ndcg_at_40": 0.6029622326681634,
            "hit_at_40": 0.05828220858895705,
            "mrr": 0.18229536926333265,
            "median_rank": 654.0
          }
        },
        {
          "mmr": {
            "ndcg_at_5": 1.0,
            "ndcg_at_10": 1.0,
            "ndcg_at_20": 0.8977493636604352,
            "ndcg_at_40": 0.6434727125598774,
            "hit_at_40": 0.06441717791411043,
            "mrr": 0.16954822244097661,
            "median_rank": 665.0
          },
          "raw": {
            "ndcg_at_5": 1.0,
            "ndcg_at_10": 1.0,
            "ndcg_at_20": 0.8977493636604352,
            "ndcg_at_40": 0.6434727125598774,
            "hit_at_40": 0.06441717791411043,
            "mrr": 0.16954822244097661,
            "median_rank": 665.0
          }
        },
        {
          "mmr": {
            "ndcg_at_5": 1.0,
            "ndcg_at_10": 0.9999999999999998,
            "ndcg_at_20": 0.7930180951959053,
            "ndcg_at_40": 0.5385475297340461,
            "hit_at_40": 0.049079754601226995,
            "mrr": 0.20556301337551336,
            "median_rank": 719.0
          },
          "raw": {
            "ndcg_at_5": 1.0,
            "ndcg_at_10": 0.9999999999999998,
            "ndcg_at_20": 0.7930180951959053,
            "ndcg_at_40": 0.5385475297340461,
            "hit_at_40": 0.049079754601226995,
            "mrr": 0.20556301337551336,
            "median_rank": 719.0
          }
        },
        {
          "mmr": {
            "ndcg_at_5": 1.0,
            "ndcg_at_10": 1.0,
            "ndcg_at_20": 0.7917480341571321,
            "ndcg_at_40": 0.5222437896331508,
            "hit_at_40": 0.046012269938650305,
            "mrr": 0.2177324789796186,
            "median_rank": 709.0
          },
          "raw": {
            "ndcg_at_5": 1.0,
            "ndcg_at_10": 1.0,
            "ndcg_at_20": 0.7917480341571321,
            "ndcg_at_40": 0.5222437896331508,
            "hit_at_40": 0.046012269938650305,
            "mrr": 0.2177324789796186,
            "median_rank": 709.0
          }
        }
      ]
    },
    "up_only": {
      "mean": {
        "mmr": {
          "ndcg_at_5": 1.0,
          "ndcg_at_10": 1.0,
          "ndcg_at_20": 0.871471303128285,
          "ndcg_at_40": 0.6282763717367071,
          "hit_at_40": 0.061963190184049076,
          "mrr": 0.1805521782680338,
          "median_rank": 666.8
        },
        "raw": {
          "ndcg_at_5": 1.0,
          "ndcg_at_10": 1.0,
          "ndcg_at_20": 0.871471303128285,
          "ndcg_at_40": 0.6282763717367071,
          "hit_at_40": 0.061963190184049076,
          "mrr": 0.1805521782680338,
          "median_rank": 666.8
        }
      },
      "std": {
        "mmr": {
          "ndcg_at_5": 0.0,
          "ndcg_at_10": 9.930136612989092e-17,
          "ndcg_at_20": 0.07285340360742616,
          "ndcg_at_40": 0.08856249003431092,
          "hit_at_40": 0.013496932515337422,
          "mrr": 0.027046642653840342,
          "median_rank": 30.792206806268364
        },
        "raw": {
          "ndcg_at_5": 0.0,
          "ndcg_at_10": 9.930136612989092e-17,
          "ndcg_at_20": 0.07285340360742616,
          "ndcg_at_40": 0.08856249003431092,
          "hit_at_40": 0.013496932515337422,
          "mrr": 0.027046642653840342,
          "median_rank": 30.792206806268364
        }
      },
      "per_fold": [
        {
          "mmr": {
            "ndcg_at_5": 1.0,
            "ndcg_at_10": 1.0,
            "ndcg_at_20": 0.7961898139559997,
            "ndcg_at_40": 0.5413048544554208,
            "hit_at_40": 0.049079754601226995,
            "mrr": 0.2068942803947844,
            "median_rank": 677.0
          },
          "raw": {
            "ndcg_at_5": 1.0,
            "ndcg_at_10": 1.0,
            "ndcg_at_20": 0.7961898139559997,
            "ndcg_at_40": 0.5413048544554208,
            "hit_at_40": 0.049079754601226995,
            "mrr": 0.2068942803947844,
            "median_rank": 677.0
          }
        },
        {
          "mmr": {
            "ndcg_at_5": 1.0,
            "ndcg_at_10": 1.0,
            "ndcg_at_20": 1.0,
            "ndcg_at_40": 0.7311248680337221,
            "hit_at_40": 0.07668711656441718,
            "mrr": 0.1520710007374843,
            "median_rank": 619.0
          },
          "raw": {
            "ndcg_at_5": 1.0,
            "ndcg_at_10": 1.0,
            "ndcg_at_20": 1.0,
            "ndcg_at_40": 0.7311248680337221,
            "hit_at_40": 0.07668711656441718,
            "mrr": 0.1520710007374843,
            "median_rank": 619.0
          }
        },
        {
          "mmr": {
            "ndcg_at_5": 1.0,
            "ndcg_at_10": 0.9999999999999998,
            "ndcg_at_20": 0.9013592468993895,
            "ndcg_at_40": 0.7386635700087356,
            "hit_at_40": 0.07975460122699386,
            "mrr": 0.14466301225483663,
            "median_rank": 645.0
          },
          "raw": {
            "ndcg_at_5": 1.0,
            "ndcg_at_10": 0.9999999999999998,
            "ndcg_at_20": 0.9013592468993895,
            "ndcg_at_40": 0.7386635700087356,
            "hit_at_40": 0.07975460122699386,
            "mrr": 0.14466301225483663,