{
  "config": {
    "split": "5-fold-stratified",
    "window_days": 30,
    "user_token": "default",
    "user_id": 1,
    "n_candidates": 3578,
    "n_feedback_valid": 826,
    "labels": {
      "0": 271,
      "1": 307,
      "2": 248
    },
    "candidate_recall": {
      "down": {
        "present": 271,
        "total": 609,
        "recall": 0.44499178981937604
      },
      "neutral": {
        "present": 307,
        "total": 417,
        "recall": 0.7362110311750599
      },
      "up": {
        "present": 248,
        "total": 794,
        "recall": 0.3123425692695214
      }
    },
    "svm_c": 0.8,
    "svm_gamma": 0.03,
    "knn_k": 10,
    "positive_cluster_k": 4,
    "mmr_threshold": 0.75,
    "mmr_limit": 40,
    "db_sha256": "fba69bb67f5f4b81"
  },
  "variants": {
    "logreg_up": {
      "mean": {
        "raw": {
          "ndcg_at_100": 0.37195245112619313,
          "ndcg_at_40": 0.3537017324913255,
          "ndcg_at_200": 0.4290271263724521,
          "map": 0.2038194337607558,
          "precision_at_40": 0.325,
          "downvote_rate_at_40": 0.01,
          "hit_at_100": 0.1901350857977364,
          "median_rank": 164.8,
          "p25_rank": 39.1,
          "p75_rank": 577.2,
          "brier_up": 0.1684336490693453
        },
        "mmr": {
          "ndcg_at_100": 0.26408707652216085,
          "ndcg_at_40": 0.34420909057112314,
          "ndcg_at_200": 0.25825613035691186,
          "map": 0.11052851608444325,
          "precision_at_40": 0.31,
          "downvote_rate_at_40": 0.01,
          "hit_at_100": 0.0980722891566265,
          "median_rank": 164.8,
          "p25_rank": 39.1,
          "p75_rank": 577.2,
          "brier_up": 0.1684336490693453
        }
      },
      "std": {
        "raw": {
          "ndcg_at_100": 0.04022234477675185,
          "ndcg_at_40": 0.06255805223743256,
          "ndcg_at_200": 0.039834960321447475,
          "map": 0.023478921188955403,
          "precision_at_40": 0.044721359549995794,
          "downvote_rate_at_40": 0.02,
          "hit_at_100": 0.030125914962446796,
          "median_rank": 24.09688776585059,
          "p25_rank": 9.03410205831216,
          "p75_rank": 54.38368321472903,
          "brier_up": 0.013197869796397272
        },
        "mmr": {
          "ndcg_at_100": 0.04730466398277326,
          "ndcg_at_40": 0.06230058747590307,
          "ndcg_at_200": 0.04627061189209788,
          "map": 0.03342345408016239,
          "precision_at_40": 0.040620192023179805,
          "downvote_rate_at_40": 0.02,
          "hit_at_100": 0.011821568938890714,
          "median_rank": 24.09688776585059,
          "p25_rank": 9.03410205831216,
          "p75_rank": 54.38368321472903,
          "brier_up": 0.013197869796397272
        }
      },
      "per_fold": [
        {
          "raw": {
            "ndcg_at_100": 0.31962694142319736,
            "ndcg_at_40": 0.3353185587503675,
            "ndcg_at_200": 0.39492009672583067,
            "map": 0.19494192951699996,
            "precision_at_40": 0.3,
            "downvote_rate_at_40": 0.05,
            "hit_at_100": 0.13855421686746988,
            "median_rank": 198.5,
            "p25_rank": 48.75,
            "p75_rank": 525.75,
            "brier_up": 0.15839283390282935
          },
          "mmr": {
            "ndcg_at_100": 0.2563800855547038,
            "ndcg_at_40": 0.3353185587503675,
            "ndcg_at_200": 0.2507384892127081,
            "map": 0.11501776968488504,
            "precision_at_40": 0.3,
            "downvote_rate_at_40": 0.05,
            "hit_at_100": 0.09036144578313253,
            "median_rank": 198.5,
            "p25_rank": 48.75,
            "p75_rank": 525.75,
            "brier_up": 0.15839283390282935
          }
        },
        {
          "raw": {
            "ndcg_at_100": 0.34428199090269174,
            "ndcg_at_40": 0.24269908331496268,
            "ndcg_at_200": 0.38873096328597434,
            "map": 0.16197151927628903,
            "precision_at_40": 0.275,
            "downvote_rate_at_40": 0.0,
            "hit_at_100": 0.2,
            "median_rank": 127.0,
            "p25_rank": 49.0,
            "p75_rank": 532.0,
            "brier_up": 0.15946717156859852
          },
          "mmr": {
            "ndcg_at_100": 0.17705054417891808,
            "ndcg_at_40": 0.2293123791796206,
            "ndcg_at_200": 0.1731171792623698,
            "map": 0.04505632192019791,
            "precision_at_40": 0.25,
            "downvote_rate_at_40": 0.0,
            "hit_at_100": 0.09090909090909091,
            "median_rank": 127.0,
            "p25_rank": 49.0,
            "p75_rank": 532.0,
            "brier_up": 0.15946717156859852
          }
        },
        {
          "raw": {
            "ndcg_at_100": 0.4203813043871465,
            "ndcg_at_40": 0.3764240449823951,
            "ndcg_at_200": 0.4533048394511328,
            "map": 0.21483655245799888,
            "precision_at_40": 0.3,
            "downvote_rate_at_40": 0.0,
            "hit_at_100": 0.21818181818181817,
            "median_rank": 160.0,
            "p25_rank": 40.0,
            "p75_rank": 634.0,
            "brier_up": 0.17948928720432186
          },
          "mmr": {
            "ndcg_at_100": 0.2906344709543947,
            "ndcg_at_40": 0.3764240449823951,
            "ndcg_at_200": 0.28417771908789746,
            "map": 0.1259233179795455,
            "precision_at_40": 0.3,
            "downvote_rate_at_40": 0.0,
            "hit_at_100": 0.09090909090909091,
            "median_rank": 160.0,
            "p25_rank": 40.0,
            "p75_rank": 634.0,
            "brier_up": 0.17948928720432186
          }
        },
        {
          "raw": {
            "ndcg_at_100": 0.4172485195740148,
            "ndcg_at_40": 0.42578401549140216,
            "ndcg_at_200": 0.4947184330007771,
            "map": 0.22654492689615124,
            "precision_at_40": 0.35,
            "downvote_rate_at_40": 0.0,
            "hit_at_100": 0.21818181818181817,
            "median_rank": 181.0,
            "p25_rank": 30.75,
            "p75_rank": 652.25,
            "brier_up": 0.18877806833910585
          },
          "mmr": {
            "ndcg_at_100": 0.3143681621929477,
            "ndcg_at_40": 0.4111609481503544,
            "ndcg_at_200": 0.30745054895465573,
            "map": 0.13449213397402462,
            "precision_at_40": 0.325,
            "downvote_rate_at_40": 0.0,
            "hit_at_100": 0.12121212121212122,
            "median_rank": 181.0,
            "p25_rank": 30.75,
            "p75_rank": 652.25,
            "brier_up": 0.18877806833910585
          }
        },
        {
          "raw": {
            "ndcg_at_100": 0.35822349934391534,
            "ndcg_at_40": 0.3882829599175002,
            "ndcg_at_200": 0.41346129939854587,
            "map": 0.2208022406563399,
            "precision_at_40": 0.4,
            "downvote_rate_at_40": 0.0,
            "hit_at_100": 0.17575757575757575,
            "median_rank": 157.5,
            "p25_rank": 27.0,
            "p75_rank": 542.0,
            "brier_up": 0.15604088433187088
          },
          "mmr": {
            "ndcg_at_100": 0.28200211972984,
            "ndcg_at_40": 0.3688295217928779,
            "ndcg_at_200": 0.2757967152669281,
            "map": 0.13215303686356317,
            "precision_at_40": 0.375,
            "downvote_rate_at_40": 0.0,
            "hit_at_100": 0.09696969696969697,
            "median_rank": 157.5,
            "p25_rank": 27.0,
            "p75_rank": 542.0,
            "brier_up": 0.15604088433187088
          }
        }
      ]
    }
  }
}