{
  "config": {
    "split": "5-fold-stratified",
    "window_days": 30,
    "user_token": "default",
    "user_id": 1,
    "n_candidates": 3578,
    "n_feedback_valid": 826,
    "labels": {
      "0": 271,
      "1": 307,
      "2": 248
    },
    "candidate_recall": {
      "down": {
        "present": 271,
        "total": 609,
        "recall": 0.44499178981937604
      },
      "neutral": {
        "present": 307,
        "total": 417,
        "recall": 0.7362110311750599
      },
      "up": {
        "present": 248,
        "total": 794,
        "recall": 0.3123425692695214
      }
    },
    "svm_c": 0.4,
    "svm_gamma": 0.03,
    "knn_k": 10,
    "positive_cluster_k": 4,
    "mmr_threshold": 0.75,
    "mmr_limit": 40,
    "db_sha256": "fba69bb67f5f4b81"
  },
  "variants": {
    "logreg_up": {
      "mean": {
        "raw": {
          "ndcg_at_100": 0.3900357432260269,
          "ndcg_at_40": 0.36284337217529294,
          "ndcg_at_200": 0.4362355500755692,
          "map": 0.21601871223690267,
          "precision_at_40": 0.32,
          "downvote_rate_at_40": 0.015000000000000003,
          "hit_at_100": 0.19861993428258487,
          "median_rank": 177.0,
          "p25_rank": 36.85,
          "p75_rank": 539.9,
          "brier_up": 0.16895046236297326
        },
        "mmr": {
          "ndcg_at_100": 0.27224347933861714,
          "ndcg_at_40": 0.35483851976577024,
          "ndcg_at_200": 0.2662324167922641,
          "map": 0.11519701547083935,
          "precision_at_40": 0.31,
          "downvote_rate_at_40": 0.015000000000000003,
          "hit_at_100": 0.10413289521723257,
          "median_rank": 177.0,
          "p25_rank": 36.85,
          "p75_rank": 539.9,
          "brier_up": 0.16895046236297326
        }
      },
      "std": {
        "raw": {
          "ndcg_at_100": 0.04074065584362097,
          "ndcg_at_40": 0.06625834904417947,
          "ndcg_at_200": 0.030690132862971734,
          "map": 0.02406454433345217,
          "precision_at_40": 0.04301162633521313,
          "downvote_rate_at_40": 0.02,
          "hit_at_100": 0.03671857287373312,
          "median_rank": 29.790938219532464,
          "p25_rank": 10.15455562789431,
          "p75_rank": 58.78873191352234,
          "brier_up": 0.010745639539332469
        },
        "mmr": {
          "ndcg_at_100": 0.053123619561936335,
          "ndcg_at_40": 0.0697200159782222,
          "ndcg_at_200": 0.05195833193330036,
          "map": 0.03583929248104024,
          "precision_at_40": 0.048989794855663564,
          "downvote_rate_at_40": 0.02,
          "hit_at_100": 0.014136712136833353,
          "median_rank": 29.790938219532464,
          "p25_rank": 10.15455562789431,
          "p75_rank": 58.78873191352234,
          "brier_up": 0.010745639539332469
        }
      },
      "per_fold": [
        {
          "raw": {
            "ndcg_at_100": 0.3504020551241394,
            "ndcg_at_40": 0.36329363521072316,
            "ndcg_at_200": 0.4242239598828694,
            "map": 0.20753280869491136,
            "precision_at_40": 0.3,
            "downvote_rate_at_40": 0.05,
            "hit_at_100": 0.13855421686746988,
            "median_rank": 195.0,
            "p25_rank": 49.25,
            "p75_rank": 526.0,
            "brier_up": 0.16050450858705573
          },
          "mmr": {
            "ndcg_at_100": 0.27776945488467536,
            "ndcg_at_40": 0.36329363521072316,
            "ndcg_at_200": 0.2716571894284679,
            "map": 0.12341813680429241,
            "precision_at_40": 0.3,
            "downvote_rate_at_40": 0.05,
            "hit_at_100": 0.09036144578313253,
            "median_rank": 195.0,
            "p25_rank": 49.25,
            "p75_rank": 526.0,
            "brier_up": 0.16050450858705573
          }
        },
        {
          "raw": {
            "ndcg_at_100": 0.3435155648746584,
            "ndcg_at_40": 0.23780180122357697,
            "ndcg_at_200": 0.39341505379985203,
            "map": 0.17281483150345253,
            "precision_at_40": 0.25,
            "downvote_rate_at_40": 0.0,
            "hit_at_100": 0.2,
            "median_rank": 128.0,
            "p25_rank": 48.0,
            "p75_rank": 473.0,
            "brier_up": 0.16171393524389413
          },
          "mmr": {
            "ndcg_at_100": 0.1696984523119778,
            "ndcg_at_40": 0.21979009453613763,
            "ndcg_at_200": 0.16592842188472337,
            "map": 0.044416845166724894,
            "precision_at_40": 0.225,
            "downvote_rate_at_40": 0.0,
            "hit_at_100": 0.08484848484848485,
            "median_rank": 128.0,
            "p25_rank": 48.0,
            "p75_rank": 473.0,
            "brier_up": 0.16171393524389413
          }
        },
        {
          "raw": {
            "ndcg_at_100": 0.44154248297400317,
            "ndcg_at_40": 0.4054513302966633,
            "ndcg_at_200": 0.4453342385488362,
            "map": 0.22756836791747945,
            "precision_at_40": 0.325,
            "downvote_rate_at_40": 0.025,
            "hit_at_100": 0.23636363636363636,
            "median_rank": 217.0,
            "p25_rank": 34.0,
            "p75_rank": 650.0,
            "brier_up": 0.1790953414540907
          },
          "mmr": {
            "ndcg_at_100": 0.3130462425269285,
            "ndcg_at_40": 0.4054513302966633,
            "ndcg_at_200": 0.3060915894739089,
            "map": 0.13700495782728675,
            "precision_at_40": 0.325,
            "downvote_rate_at_40": 0.025,
            "hit_at_100": 0.11515151515151516,
            "median_rank": 217.0,
            "p25_rank": 34.0,
            "p75_rank": 650.0,
            "brier_up": 0.1790953414540907
          }
        },
        {
          "raw": {
            "ndcg_at_100": 0.43296099629350193,
            "ndcg_at_40": 0.42770106863434876,
            "ndcg_at_200": 0.48741293696176025,
            "map": 0.2330957770034925,
            "precision_at_40": 0.35,
            "downvote_rate_at_40": 0.0,
            "hit_at_100": 0.23636363636363636,
            "median_rank": 178.5,
            "p25_rank": 29.25,
            "p75_rank": 519.75,
            "brier_up": 0.18466899872502301
          },
          "mmr": {
            "ndcg_at_100": 0.31299232727638654,
            "ndcg_at_40": 0.40936149878867106,
            "ndcg_at_200": 0.30610498903084865,
            "map": 0.13115995115995116,
            "precision_at_40": 0.325,
            "downvote_rate_at_40": 0.0,
            "hit_at_100": 0.12121212121212122,
            "median_rank": 178.5,
            "p25_rank": 29.25,
            "p75_rank": 519.75,
            "brier_up": 0.18466899872502301
          }
        },
        {
          "raw": {
            "ndcg_at_100": 0.38175761686383164,
            "ndcg_at_40": 0.3799690255111523,
            "ndcg_at_200": 0.4307915611845284,
            "map": 0.23908177606517747,
            "precision_at_40": 0.375,
            "downvote_rate_at_40": 0.0,
            "hit_at_100": 0.18181818181818182,
            "median_rank": 166.5,
            "p25_rank": 23.75,
            "p75_rank": 530.75,
            "brier_up": 0.15876952780480272
          },
          "mmr": {
            "ndcg_at_100": 0.28771091969311763,
            "ndcg_at_40": 0.37629603999665606,
            "ndcg_at_200": 0.28137989414337156,
            "map": 0.13998518639594154,
            "precision_at_40": 0.375,
            "downvote_rate_at_40": 0.0,
            "hit_at_100": 0.10909090909090909,
            "median_rank": 166.5,
            "p25_rank": 23.75,
            "p75_rank": 530.75,
            "brier_up": 0.15876952780480272
          }
        }
      ]
    }
  }
}