{
  "config": {
    "split": "5-fold-stratified",
    "user_token": "default",
    "user_id": 1,
    "n_feedback": 2406,
    "n_candidates": 29373,
    "n_folds": 5,
    "mmr_threshold": 0.75,
    "mmr_limit": 40,
    "relevance_grade": "up=1, neutral=0.2, down=0",
    "db_sha256": "1095ef5aa2858c30",
    "feature_set": "common-only (embeddings + text_length + 4 sim)",
    "removed": "scores, comment_counts, hn_quality, comment_score_ratio, score_velocity, comment_velocity, is_hn",
    "n_features": 389
  },
  "formulas": {
    "current": {
      "mean": {
        "mmr": {
          "ndcg_at_100": 0.13520589621887152,
          "ndcg_at_200": 0.08130927977499912,
          "ndcg_at_500": 0.07403942820035452,
          "hit_at_100": 0.016624252723837787,
          "hit_at_200": 0.016624252723837787,
          "hit_at_500": 0.016624252723837787,
          "map": 0.018763113270373232,
          "brier_up": 0.19074666387489833,
          "median_rank": 1931.8,
          "p25_rank": 523.6,
          "p75_rank": 5645.2
        },
        "raw": {
          "ndcg_at_100": 0.21823258265251116,
          "ndcg_at_200": 0.17057219573745758,
          "ndcg_at_500": 0.2301498356981459,
          "hit_at_100": 0.04281105235462082,
          "hit_at_200": 0.06608811173126526,
          "hit_at_500": 0.13382993590462472,
          "map": 0.0803875869697817,
          "brier_up": 0.19074666387489833,
          "median_rank": 1931.8,
          "p25_rank": 523.6,
          "p75_rank": 5645.2
        }
      },
      "std": {
        "mmr": {
          "ndcg_at_100": 0.03486353361684747,
          "ndcg_at_200": 0.02096601470847451,
          "ndcg_at_500": 0.019104506214628676,
          "hit_at_100": 0.002623653594090268,
          "hit_at_200": 0.002623653594090268,
          "hit_at_500": 0.002623653594090268,
          "map": 0.00945178939330322,
          "brier_up": 0.003681572700837723,
          "median_rank": 171.11797100246366,
          "p25_rank": 55.268797707205465,
          "p75_rank": 384.890841668128
        },
        "raw": {
          "ndcg_at_100": 0.04240042273335786,
          "ndcg_at_200": 0.026600288029546327,
          "ndcg_at_500": 0.018669602603916594,
          "hit_at_100": 0.0033942386920334487,
          "hit_at_200": 0.005360777990887917,
          "hit_at_500": 0.007349949310926061,
          "map": 0.011076487615735816,
          "brier_up": 0.003681572700837723,
          "median_rank": 171.11797100246366,
          "p25_rank": 55.268797707205465,
          "p75_rank": 384.890841668128
        }
      },
      "per_fold": [
        {
          "mmr": {
            "ndcg_at_100": 0.10822233622180158,
            "ndcg_at_200": 0.06508207452371657,
            "ndcg_at_500": 0.05923869509859671,
            "hit_at_100": 0.01867219917012448,
            "hit_at_200": 0.01867219917012448,
            "hit_at_500": 0.01867219917012448,
            "map": 0.0106275921279849,
            "brier_up": 0.19656676651789817,
            "median_rank": 2185.0,
            "p25_rank": 456.0,
            "p75_rank": 5489.0
          },
          "raw": {
            "ndcg_at_100": 0.16061250491539455,
            "ndcg_at_200": 0.1253111081144487,
            "ndcg_at_500": 0.214178933678464,
            "hit_at_100": 0.03941908713692946,
            "hit_at_200": 0.058091286307053944,
            "hit_at_500": 0.13900414937759337,
            "map": 0.06701419406215542,
            "brier_up": 0.19656676651789817,
            "median_rank": 2185.0,
            "p25_rank": 456.0,
            "p75_rank": 5489.0
          }
        },
        {
          "mmr": {
            "ndcg_at_100": 0.1700759015509523,
            "ndcg_at_200": 0.10227918640327331,
            "ndcg_at_500": 0.09315413736768202,
            "hit_at_100": 0.018711018711018712,
            "hit_at_200": 0.018711018711018712,
            "hit_at_500": 0.018711018711018712,
            "map": 0.02526970880365199,
            "brier_up": 0.18681437982997295,
            "median_rank": 1819.0,
            "p25_rank": 557.0,
            "p75_rank": 5198.0
          },
          "raw": {
            "ndcg_at_100": 0.25869712207914697,
            "ndcg_at_200": 0.19260142580281275,
            "ndcg_at_500": 0.24588214498236763,
            "hit_at_100": 0.04781704781704782,
            "hit_at_200": 0.07068607068607069,
            "hit_at_500": 0.13513513513513514,
            "map": 0.08760758456396246,
            "brier_up": 0.18681437982997295,
            "median_rank": 1819.0,
            "p25_rank": 557.0,
            "p75_rank": 5198.0
          }
        },
        {
          "mmr": {
            "ndcg_at_100": 0.09389201743391232,
            "ndcg_at_200": 0.056464196663543915,
            "ndcg_at_500": 0.05142662664144196,
            "hit_at_100": 0.012474012474012475,
            "hit_at_200": 0.012474012474012475,
            "hit_at_500": 0.012474012474012475,
            "map": 0.009494937853146809,
            "brier_up": 0.188299722817423,
            "median_rank": 1800.0,
            "p25_rank": 610.0,
            "p75_rank": 6241.0
          },
          "raw": {
            "ndcg_at_100": 0.19037559126525144,
            "ndcg_at_200": 0.17149816417098374,
            "ndcg_at_500": 0.20726929734764024,
            "hit_at_100": 0.04158004158004158,
            "hit_at_200": 0.07276507276507277,
            "hit_at_500": 0.12266112266112267,
            "map": 0.07144068657826623,
            "brier_up": 0.188299722817423,
            "median_rank": 1800.0,
            "p25_rank": 610.0,
            "p75_rank": 6241.0
          }
        },
        {
          "mmr": {
            "ndcg_at_100": 0.18247911936579883,
            "ndcg_at_200": 0.10973815628270116,
            "ndcg_at_500": 0.09994763983092989,
            "hit_at_100": 0.018711018711018712,
            "hit_at_200": 0.018711018711018712,
            "hit_at_500": 0.018711018711018712,
            "map": 0.03403221985311537,
            "brier_up": 0.193505096387227,
            "median_rank": 2089.0,
            "p25_rank": 478.0,
            "p75_rank": 5933.0
          },
          "raw": {
            "ndcg_at_100": 0.27422355331128273,
            "ndcg_at_200": 0.20114664672712973,
            "ndcg_at_500": 0.2566998797843602,
            "hit_at_100": 0.04573804573804574,
            "hit_at_200": 0.06652806652806653,
            "hit_at_500": 0.1288981288981289,
            "map": 0.09764367101053606,
            "brier_up": 0.193505096387227,
            "median_rank": 2089.0,
            "p25_rank": 478.0,
            "p75_rank": 5933.0
          }
        },
        {
          "mmr": {
            "ndcg_at_100": 0.12136010652189261,
            "ndcg_at_200": 0.07298278500176063,
            "ndcg_at_500": 0.06643004206312203,
            "hit_at_100": 0.014553014553014554,
            "hit_at_200": 0.014553014553014554,
            "hit_at_500": 0.014553014553014554,
            "map": 0.014391107713967101,
            "brier_up": 0.18854735382197058,
            "median_rank": 1766.0,
            "p25_rank": 517.0,
            "p75_rank": 5365.0
          },
          "raw": {
            "ndcg_at_100": 0.20725414169148007,
            "ndcg_at_200": 0.16230363387191277,
            "ndcg_at_500": 0.22671892269789742,
            "hit_at_100": 0.0395010395010395,
            "hit_at_200": 0.062370062370062374,
            "hit_at_500": 0.14345114345114346,
            "map": 0.07823179863398834,
            "brier_up": 0.18854735382197058,
            "median_rank": 1766.0,
            "p25_rank": 517.0,
            "p75_rank": 5365.0
          }
        }
      ]
    },
    "hn_baseline": {
      "mean": {
        "mmr": {
          "ndcg_at_100": 0.009856538201164746,
          "ndcg_at_200": 0.005927463554652364,
          "ndcg_at_500": 0.00539784621436013,
          "hit_at_100": 0.0037404784292751096,
          "hit_at_200": 0.0037404784292751096,