{
  "config": {
    "split": "5-fold-stratified",
    "random_state": 0,
    "n_feedback": 1627,
    "n_candidates": 3412,
    "n_folds": 5,
    "mmr_threshold": 0.85,
    "mmr_limit": 40,
    "relevance_grade": "up=1, neutral=0.5, down=0",
    "db_sha256": "bfc101c5afefc5a7"
  },
  "formulas": {
    "current": {
      "mean": {
        "mmr": {
          "ndcg_at_5": 1.0,
          "ndcg_at_10": 1.0,
          "ndcg_at_20": 0.9869593476568206,
          "ndcg_at_40": 0.7292058032290604,
          "hit_at_40": 0.07683435582822086,
          "mrr": 0.15343255176293522
        },
        "raw": {
          "ndcg_at_5": 1.0,
          "ndcg_at_10": 1.0,
          "ndcg_at_20": 0.9869593476568206,
          "ndcg_at_40": 0.7292058032290604,
          "hit_at_40": 0.07683435582822086,
          "mrr": 0.15343255176293522
        }
      },
      "std": {
        "mmr": {
          "ndcg_at_5": 0.0,
          "ndcg_at_10": 1.4043333874306804e-16,
          "ndcg_at_20": 0.026081304686358744,
          "ndcg_at_40": 0.06175246837822268,
          "hit_at_40": 0.009758132983843116,
          "mrr": 0.014931512189250226
        },
        "raw": {
          "ndcg_at_5": 0.0,
          "ndcg_at_10": 1.4043333874306804e-16,
          "ndcg_at_20": 0.026081304686358744,
          "ndcg_at_40": 0.06175246837822268,
          "hit_at_40": 0.009758132983843116,
          "mrr": 0.014931512189250226
        }
      },
      "per_fold": [
        {
          "mmr": {
            "ndcg_at_5": 1.0,
            "ndcg_at_10": 1.0,
            "ndcg_at_20": 0.9999999999999999,
            "ndcg_at_40": 0.7709011698173978,
            "hit_at_40": 0.08282208588957055,
            "mrr": 0.14412802789822526
          },
          "raw": {
            "ndcg_at_5": 1.0,
            "ndcg_at_10": 1.0,
            "ndcg_at_20": 0.9999999999999999,
            "ndcg_at_40": 0.7709011698173978,
            "hit_at_40": 0.08282208588957055,
            "mrr": 0.14412802789822526
          }
        },
        {
          "mmr": {
            "ndcg_at_5": 1.0,
            "ndcg_at_10": 1.0,
            "ndcg_at_20": 0.934796738284103,
            "ndcg_at_40": 0.6306594073693114,
            "hit_at_40": 0.06134969325153374,
            "mrr": 0.17845214576445226
          },
          "raw": {
            "ndcg_at_5": 1.0,
            "ndcg_at_10": 1.0,
            "ndcg_at_20": 0.934796738284103,
            "ndcg_at_40": 0.6306594073693114,
            "hit_at_40": 0.06134969325153374,
            "mrr": 0.17845214576445226
          }
        },
        {
          "mmr": {
            "ndcg_at_5": 1.0,
            "ndcg_at_10": 0.9999999999999998,
            "ndcg_at_20": 1.0,
            "ndcg_at_40": 0.8055217346244625,
            "hit_at_40": 0.08923076923076922,
            "mrr": 0.13610535202932889
          },
          "raw": {
            "ndcg_at_5": 1.0,
            "ndcg_at_10": 0.9999999999999998,
            "ndcg_at_20": 1.0,
            "ndcg_at_40": 0.8055217346244625,
            "hit_at_40": 0.08923076923076922,
            "mrr": 0.13610535202932889
          }
        },
        {
          "mmr": {
            "ndcg_at_5": 1.0,
            "ndcg_at_10": 0.9999999999999998,
            "ndcg_at_20": 0.9999999999999999,
            "ndcg_at_40": 0.6911592352813246,
            "hit_at_40": 0.07076923076923076,
            "mrr": 0.16133314619381264
          },
          "raw": {
            "ndcg_at_5": 1.0,
            "ndcg_at_10": 0.9999999999999998,
            "ndcg_at_20": 0.9999999999999999,
            "ndcg_at_40": 0.6911592352813246,
            "hit_at_40": 0.07076923076923076,
            "mrr": 0.16133314619381264
          }
        },
        {
          "mmr": {
            "ndcg_at_5": 1.0,
            "ndcg_at_10": 1.0,
            "ndcg_at_20": 0.9999999999999998,
            "ndcg_at_40": 0.747787469052806,
            "hit_at_40": 0.08,
            "mrr": 0.1471440869288571
          },
          "raw": {
            "ndcg_at_5": 1.0,
            "ndcg_at_10": 1.0,
            "ndcg_at_20": 0.9999999999999998,
            "ndcg_at_40": 0.747787469052806,
            "hit_at_40": 0.08,
            "mrr": 0.1471440869288571
          }
        }
      ]
    },
    "up_only": {
      "mean": {
        "mmr": {
          "ndcg_at_5": 1.0,
          "ndcg_at_10": 1.0,
          "ndcg_at_20": 0.9934270058864845,
          "ndcg_at_40": 0.7713234967307263,
          "hit_at_40": 0.08359226050023597,
          "mrr": 0.14431514498510922
        },
        "raw": {
          "ndcg_at_5": 1.0,
          "ndcg_at_10": 1.0,
          "ndcg_at_20": 0.9934270058864845,
          "ndcg_at_40": 0.7713234967307263,
          "hit_at_40": 0.08359226050023597,
          "mrr": 0.14431514498510922
        }
      },
      "std": {
        "mmr": {
          "ndcg_at_5": 0.0,
          "ndcg_at_10": 1.4043333874306804e-16,
          "ndcg_at_20": 0.013145988227030793,
          "ndcg_at_40": 0.06641278889683495,
          "hit_at_40": 0.010737135514256512,
          "mrr": 0.01407889084427477
        },
        "raw": {
          "ndcg_at_5": 0.0,
          "ndcg_at_10": 1.4043333874306804e-16,
          "ndcg_at_20": 0.013145988227030793,
          "ndcg_at_40": 0.06641278889683495,
          "hit_at_40": 0.010737135514256512,
          "mrr": 0.01407889084427477
        }
      },
      "per_fold": [
        {
          "mmr": {
            "ndcg_at_5": 1.0,
            "ndcg_at_10": 1.0,
            "ndcg_at_20": 0.9999999999999999,
            "ndcg_at_40": 0.8255582543911916,
            "hit_at_40": 0.09202453987730061,
            "mrr": 0.13306522759633627
          },
          "raw": {
            "ndcg_at_5": 1.0,
            "ndcg_at_10": 1.0,
            "ndcg_at_20": 0.9999999999999999,
            "ndcg_at_40": 0.8255582543911916,
            "hit_at_40": 0.09202453987730061,
            "mrr": 0.13306522759633627
          }
        },
        {
          "mmr": {
            "ndcg_at_5": 1.0,
            "ndcg_at_10": 1.0,
            "ndcg_at_20": 0.9671350294324229,
            "ndcg_at_40": 0.6879701825821749,
            "hit_at_40": 0.0705521472392638,
            "mrr": 0.1603411489400779
          },
          "raw": {
            "ndcg_at_5": 1.0,
            "ndcg_at_10": 1.0,
            "ndcg_at_20": 0.9671350294324229,
            "ndcg_at_40": 0.6879701825821749,
            "hit_at_40": 0.0705521472392638,
            "mrr": 0.1603411489400779
          }
        },
        {
          "mmr": {
            "ndcg_at_5": 1.0,
            "ndcg_at_10": 0.9999999999999998,
            "ndcg_at_20": 0.9999999999999999,
            "ndcg_at_40": 0.8425929738096469,
            "hit_at_40": 0.09538461538461539,
            "mrr": 0.12961516650881888
          },
          "raw": {
            "ndcg_at_5": 1.0,
            "ndcg_at_10": 0.9999999999999998,
            "ndcg_at_20": 0.9999999999999999,
            "ndcg_at_40": 0.8425929738096469,
            "hit_at_40": 0.09538461538461539,
            "mrr": 0.12961516650881888
          }
        },
        {
          "mmr": {
            "ndcg_at_5": 1.0,
            "ndcg_at_10": 0.9999999999999998,
            "ndcg_at_20": 0.9999999999999999,
            "ndcg_at_40": 0.6945864684066813,
            "hit_at_40": 0.07076923076923076,
            "mrr": 0.1623605004820365
          },
          "raw": {
            "ndcg_at_5": 1.0,
            "ndcg_at_10": 0.9999999999999998,
            "ndcg_at_20": 0.9999999999999999,
            "ndcg_at_40": 0.6945864684066813,
            "hit_at_40": 0.07076923076923076,
            "mrr": 0.1623605004820365
          }
        },
        {
          "mmr": {
            "ndcg_at_5": 1.0,
            "ndcg_at_10": 1.0,
            "ndcg_at_20": 0.9999999999999999,
            "ndcg_at_40": 0.8059096044639368,
            "hit_at_40": 0.08923076923076922,
            "mrr": 0.13619368139827656
          },