{
  "config": {
    "split": "5-fold-stratified",
    "window_days": 30,
    "user_token": "default",
    "user_id": 1,
    "n_candidates": 3578,
    "n_feedback_valid": 826,
    "labels": {
      "0": 271,
      "1": 307,
      "2": 248
    },
    "candidate_recall": {
      "down": {
        "present": 271,
        "total": 609,
        "recall": 0.44499178981937604
      },
      "neutral": {
        "present": 307,
        "total": 417,
        "recall": 0.7362110311750599
      },
      "up": {
        "present": 248,
        "total": 794,
        "recall": 0.3123425692695214
      }
    },
    "svm_c": 0.03,
    "svm_gamma": 0.03,
    "knn_k": 10,
    "positive_cluster_k": 4,
    "mmr_threshold": 0.75,
    "mmr_limit": 40,
    "db_sha256": "fba69bb67f5f4b81"
  },
  "variants": {
    "logreg_up": {
      "mean": {
        "raw": {
          "ndcg_at_100": 0.3765150420074943,
          "ndcg_at_40": 0.369688079180579,
          "ndcg_at_200": 0.44294178086168934,
          "map": 0.22111291936473654,
          "precision_at_40": 0.33499999999999996,
          "downvote_rate_at_40": 0.01,
          "hit_at_100": 0.1985907265425338,
          "median_rank": 170.2,
          "p25_rank": 36.15,
          "p75_rank": 558.9,
          "brier_up": 0.17532266952838338
        },
        "mmr": {
          "ndcg_at_100": 0.27802138225192247,
          "ndcg_at_40": 0.36228242179567166,
          "ndcg_at_200": 0.2718813009005346,
          "map": 0.12634177904804575,
          "precision_at_40": 0.325,
          "downvote_rate_at_40": 0.01,
          "hit_at_100": 0.11019350127783863,
          "median_rank": 170.2,
          "p25_rank": 36.15,
          "p75_rank": 558.9,
          "brier_up": 0.17532266952838338
        }
      },
      "std": {
        "raw": {
          "ndcg_at_100": 0.037209716523972494,
          "ndcg_at_40": 0.06287485338327746,
          "ndcg_at_200": 0.032233381150681535,
          "map": 0.031441143235248784,
          "precision_at_40": 0.06819090848492927,
          "downvote_rate_at_40": 0.012247448713915893,
          "hit_at_100": 0.02213704890362352,
          "median_rank": 28.484381685407882,
          "p25_rank": 9.951884243699782,
          "p75_rank": 115.48989133253178,
          "brier_up": 0.0036372725228231975
        },
        "mmr": {
          "ndcg_at_100": 0.05059937511105716,
          "ndcg_at_40": 0.0660216259124047,
          "ndcg_at_200": 0.0494829629943588,
          "map": 0.045191018280731694,
          "precision_at_40": 0.07071067811865475,
          "downvote_rate_at_40": 0.012247448713915893,
          "hit_at_100": 0.01566050412897667,
          "median_rank": 28.484381685407882,
          "p25_rank": 9.951884243699782,
          "p75_rank": 115.48989133253178,
          "brier_up": 0.0036372725228231975
        }
      },
      "per_fold": [
        {
          "raw": {
            "ndcg_at_100": 0.33718297053975554,
            "ndcg_at_40": 0.3583867071464636,
            "ndcg_at_200": 0.40538654550782904,
            "map": 0.2133174270536095,
            "precision_at_40": 0.325,
            "downvote_rate_at_40": 0.025,
            "hit_at_100": 0.16265060240963855,
            "median_rank": 206.0,
            "p25_rank": 38.0,
            "p75_rank": 613.25,
            "brier_up": 0.1733995414265632
          },
          "mmr": {
            "ndcg_at_100": 0.2740176833107607,
            "ndcg_at_40": 0.3583867071464636,
            "ndcg_at_200": 0.2679879748938085,
            "map": 0.13597524527192045,
            "precision_at_40": 0.325,
            "downvote_rate_at_40": 0.025,
            "hit_at_100": 0.09036144578313253,
            "median_rank": 206.0,
            "p25_rank": 38.0,
            "p75_rank": 613.25,
            "brier_up": 0.1733995414265632
          }
        },
        {
          "raw": {
            "ndcg_at_100": 0.327346708388189,
            "ndcg_at_40": 0.26321205125338143,
            "ndcg_at_200": 0.4153474649752787,
            "map": 0.16645775749867597,
            "precision_at_40": 0.25,
            "downvote_rate_at_40": 0.025,
            "hit_at_100": 0.18787878787878787,
            "median_rank": 147.0,
            "p25_rank": 50.0,
            "p75_rank": 541.0,
            "brier_up": 0.17273737385492835
          },
          "mmr": {
            "ndcg_at_100": 0.18878486689421933,
            "ndcg_at_40": 0.24451044294376234,
            "ndcg_at_200": 0.184590811599667,
            "map": 0.05180635287007208,
            "precision_at_40": 0.225,
            "downvote_rate_at_40": 0.025,
            "hit_at_100": 0.09696969696969697,
            "median_rank": 147.0,
            "p25_rank": 50.0,
            "p75_rank": 541.0,
            "brier_up": 0.17273737385492835
          }
        },
        {
          "raw": {
            "ndcg_at_100": 0.42123557729772165,
            "ndcg_at_40": 0.4382766725991561,
            "ndcg_at_200": 0.46839231937103415,
            "map": 0.24902705383773655,
            "precision_at_40": 0.425,
            "downvote_rate_at_40": 0.0,
            "hit_at_100": 0.22424242424242424,
            "median_rank": 144.0,
            "p25_rank": 28.0,
            "p75_rank": 660.0,
            "brier_up": 0.17782634299300654
          },
          "mmr": {
            "ndcg_at_100": 0.3383904683306443,
            "ndcg_at_40": 0.4382766725991561,
            "ndcg_at_200": 0.33087276652182607,
            "map": 0.1742733555107909,
            "precision_at_40": 0.425,
            "downvote_rate_at_40": 0.0,
            "hit_at_100": 0.13333333333333333,
            "median_rank": 144.0,
            "p25_rank": 28.0,
            "p75_rank": 660.0,
            "brier_up": 0.17782634299300654
          }
        },
        {
          "raw": {
            "ndcg_at_100": 0.3983232279861173,
            "ndcg_at_40": 0.35973392303807183,
            "ndcg_at_200": 0.49096376150597587,
            "map": 0.22226928111785657,
            "precision_at_40": 0.275,
            "downvote_rate_at_40": 0.0,
            "hit_at_100": 0.21818181818181817,
            "median_rank": 150.0,
            "p25_rank": 42.5,
            "p75_rank": 342.25,
            "brier_up": 0.18119786157385312
          },
          "mmr": {
            "ndcg_at_100": 0.27660174487142486,
            "ndcg_at_40": 0.3617663916347084,
            "ndcg_at_200": 0.2705151746579856,
            "map": 0.10225877880289644,
            "precision_at_40": 0.275,
            "downvote_rate_at_40": 0.0,
            "hit_at_100": 0.12121212121212122,
            "median_rank": 150.0,
            "p25_rank": 42.5,
            "p75_rank": 342.25,
            "brier_up": 0.18119786157385312
          }
        },
        {
          "raw": {
            "ndcg_at_100": 0.3984867258256878,
            "ndcg_at_40": 0.42883104186582205,
            "ndcg_at_200": 0.43461881294832866,
            "map": 0.2544930773158042,
            "precision_at_40": 0.4,
            "downvote_rate_at_40": 0.0,
            "hit_at_100": 0.2,
            "median_rank": 204.0,
            "p25_rank": 22.25,
            "p75_rank": 638.0,
            "brier_up": 0.17145222779356573
          },
          "mmr": {
            "ndcg_at_100": 0.31231214785256306,
            "ndcg_at_40": 0.40847189465426775,
            "ndcg_at_200": 0.30543977682938583,
            "map": 0.16739516278454897,
            "precision_at_40": 0.375,
            "downvote_rate_at_40": 0.0,
            "hit_at_100": 0.10909090909090909,
            "median_rank": 204.0,
            "p25_rank": 22.25,
            "p75_rank": 638.0,
            "brier_up": 0.17145222779356573
          }
        }
      ]
    }
  }
}