{
  "config": {
    "split": "5-fold-stratified",
    "random_state": 0,
    "n_feedback": 1627,
    "n_distractors": 1520,
    "n_folds": 5,
    "mmr_threshold": 0.85,
    "mmr_limit": 40,
    "relevance_grade": "up=1, neutral=0, down=0",
    "db_sha256": "ccf18307759d5e7e"
  },
  "formulas": {
    "soft": {
      "mean": {
        "ndcg_at_5": 1.0,
        "ndcg_at_10": 0.9579302735204657,
        "ndcg_at_20": 0.924709617593788,
        "ndcg_at_40": 0.8528625871877118,
        "precision_at_5": 1.0,
        "precision_at_10": 0.9400000000000001,
        "precision_at_20": 0.9,
        "precision_at_40": 0.8150000000000001,
        "recall_at_10": 0.06403876619140807,
        "recall_at_40": 0.2220389525673283,
        "mrr": 1.0,
        "median_rank": 137.2
      },
      "std": {
        "ndcg_at_5": 0.0,
        "ndcg_at_10": 0.055313228961974756,
        "ndcg_at_20": 0.06370855029133375,
        "ndcg_at_40": 0.06923157191841958,
        "precision_at_5": 0.0,
        "precision_at_10": 0.07999999999999999,
        "precision_at_20": 0.08366600265340755,
        "precision_at_40": 0.0874642784226795,
        "recall_at_10": 0.005514774983433991,
        "recall_at_40": 0.023526289328961822,
        "mrr": 0.0,
        "median_rank": 4.874423042781576
      },
      "per_fold": [
        {
          "ndcg_at_5": 1.0,
          "ndcg_at_10": 1.0,
          "ndcg_at_20": 0.9665625086152865,
          "ndcg_at_40": 0.8530136161062656,
          "precision_at_5": 1.0,
          "precision_at_10": 1.0,
          "precision_at_20": 0.95,
          "precision_at_40": 0.8,
          "recall_at_10": 0.06802721088435375,
          "recall_at_40": 0.21768707482993196,
          "mrr": 1.0,
          "median_rank": 142.0
        },
        {
          "ndcg_at_5": 1.0,
          "ndcg_at_10": 0.9266360779006398,
          "ndcg_at_20": 0.8123189814419874,
          "ndcg_at_40": 0.7679186568040737,
          "precision_at_5": 1.0,
          "precision_at_10": 0.9,
          "precision_at_20": 0.75,
          "precision_at_40": 0.725,
          "recall_at_10": 0.061224489795918366,
          "recall_at_40": 0.19727891156462585,
          "mrr": 1.0,
          "median_rank": 140.0
        },
        {
          "ndcg_at_5": 1.0,
          "ndcg_at_10": 1.0,
          "ndcg_at_20": 0.9330720571764405,
          "ndcg_at_40": 0.7923970992551398,
          "precision_at_5": 1.0,
          "precision_at_10": 1.0,
          "precision_at_20": 0.9,
          "precision_at_40": 0.725,
          "recall_at_10": 0.0684931506849315,
          "recall_at_40": 0.19863013698630136,
          "mrr": 1.0,
          "median_rank": 128.0
        },
        {
          "ndcg_at_5": 1.0,
          "ndcg_at_10": 0.8630152897016882,
          "ndcg_at_20": 0.9115945407352252,
          "ndcg_at_40": 0.8898302931585201,
          "precision_at_5": 1.0,
          "precision_at_10": 0.8,
          "precision_at_20": 0.9,
          "precision_at_40": 0.875,
          "recall_at_10": 0.05442176870748299,
          "recall_at_40": 0.23809523809523808,
          "mrr": 1.0,
          "median_rank": 137.0
        },
        {
          "ndcg_at_5": 1.0,
          "ndcg_at_10": 1.0,
          "ndcg_at_20": 1.0,
          "ndcg_at_40": 0.9611532706145596,
          "precision_at_5": 1.0,
          "precision_at_10": 1.0,
          "precision_at_20": 1.0,
          "precision_at_40": 0.95,
          "recall_at_10": 0.06802721088435375,
          "recall_at_40": 0.2585034013605442,
          "mrr": 1.0,
          "median_rank": 139.0
        }
      ]
    },
    "up_only": {
      "mean": {
        "ndcg_at_5": 1.0,
        "ndcg_at_10": 0.9579302735204657,
        "ndcg_at_20": 0.924709617593788,
        "ndcg_at_40": 0.8528625871877118,
        "precision_at_5": 1.0,
        "precision_at_10": 0.9400000000000001,
        "precision_at_20": 0.9,
        "precision_at_40": 0.8150000000000001,
        "recall_at_10": 0.06403876619140807,
        "recall_at_40": 0.2220389525673283,
        "mrr": 1.0,
        "median_rank": 137.2
      },
      "std": {
        "ndcg_at_5": 0.0,
        "ndcg_at_10": 0.055313228961974756,
        "ndcg_at_20": 0.06370855029133375,
        "ndcg_at_40": 0.06923157191841958,
        "precision_at_5": 0.0,
        "precision_at_10": 0.07999999999999999,
        "precision_at_20": 0.08366600265340755,
        "precision_at_40": 0.0874642784226795,
        "recall_at_10": 0.005514774983433991,
        "recall_at_40": 0.023526289328961822,
        "mrr": 0.0,
        "median_rank": 4.874423042781576
      },
      "per_fold": [
        {
          "ndcg_at_5": 1.0,
          "ndcg_at_10": 1.0,
          "ndcg_at_20": 0.9665625086152865,
          "ndcg_at_40": 0.8530136161062656,
          "precision_at_5": 1.0,
          "precision_at_10": 1.0,
          "precision_at_20": 0.95,
          "precision_at_40": 0.8,
          "recall_at_10": 0.06802721088435375,
          "recall_at_40": 0.21768707482993196,
          "mrr": 1.0,
          "median_rank": 142.0
        },
        {
          "ndcg_at_5": 1.0,
          "ndcg_at_10": 0.9266360779006398,
          "ndcg_at_20": 0.8123189814419874,
          "ndcg_at_40": 0.7679186568040737,
          "precision_at_5": 1.0,
          "precision_at_10": 0.9,
          "precision_at_20": 0.75,
          "precision_at_40": 0.725,
          "recall_at_10": 0.061224489795918366,
          "recall_at_40": 0.19727891156462585,
          "mrr": 1.0,
          "median_rank": 140.0
        },
        {
          "ndcg_at_5": 1.0,
          "ndcg_at_10": 1.0,
          "ndcg_at_20": 0.9330720571764405,
          "ndcg_at_40": 0.7923970992551398,
          "precision_at_5": 1.0,
          "precision_at_10": 1.0,
          "precision_at_20": 0.9,
          "precision_at_40": 0.725,
          "recall_at_10": 0.0684931506849315,
          "recall_at_40": 0.19863013698630136,
          "mrr": 1.0,
          "median_rank": 128.0
        },
        {
          "ndcg_at_5": 1.0,
          "ndcg_at_10": 0.8630152897016882,
          "ndcg_at_20": 0.9115945407352252,
          "ndcg_at_40": 0.8898302931585201,
          "precision_at_5": 1.0,
          "precision_at_10": 0.8,
          "precision_at_20": 0.9,
          "precision_at_40": 0.875,
          "recall_at_10": 0.05442176870748299,
          "recall_at_40": 0.23809523809523808,
          "mrr": 1.0,
          "median_rank": 137.0
        },
        {
          "ndcg_at_5": 1.0,
          "ndcg_at_10": 1.0,
          "ndcg_at_20": 1.0,
          "ndcg_at_40": 0.9611532706145596,
          "precision_at_5": 1.0,
          "precision_at_10": 1.0,
          "precision_at_20": 1.0,
          "precision_at_40": 0.95,
          "recall_at_10": 0.06802721088435375,
          "recall_at_40": 0.2585034013605442,
          "mrr": 1.0,
          "median_rank": 139.0
        }
      ]
    },
    "hn_baseline": {
      "mean": {
        "ndcg_at_5": 0.6675519641143326,
        "ndcg_at_10": 0.6049822251473136,
        "ndcg_at_20": 0.5399328199384206,
        "ndcg_at_40": 0.4874670205663915,
        "precision_at_5": 0.5599999999999999,
        "precision_at_10": 0.5199999999999999,
        "precision_at_20": 0.47000000000000003,
        "precision_at_40": 0.43500000000000005,
        "recall_at_10": 0.03543006243593328,
        "recall_at_40": 0.1185350852669835,
        "mrr": 1.0,
        "median_rank": 216.6
      },
      "std": {
        "ndcg_at_5": 0.12816782041673727,
        "ndcg_at_10": 0.10840636562802752,
        "ndcg_at_20": 0.060619496822918964,
        "ndcg_at_40": 0.02494285882855977,
        "precision_at_5": 0.14966629547095767,
        "precision_at_10": 0.132664991614216,
        "precision_at_20": 0.050990195135927854,
        "precision_at_40": 0.019999999999999997,
        "recall_at_10": 0.009059173493863286,
        "recall_at_40": 0.005576659049527334,
        "mrr": 0.0,
        "median_rank": 23.130931671681537
      },