{
  "config": {
    "split": "5-fold-stratified",
    "window_days": 30,
    "user_token": "default",
    "user_id": 1,
    "n_candidates": 3578,
    "n_feedback_valid": 826,
    "labels": {
      "0": 271,
      "1": 307,
      "2": 248
    },
    "candidate_recall": {
      "down": {
        "present": 271,
        "total": 609,
        "recall": 0.44499178981937604
      },
      "neutral": {
        "present": 307,
        "total": 417,
        "recall": 0.7362110311750599
      },
      "up": {
        "present": 248,
        "total": 794,
        "recall": 0.3123425692695214
      }
    },
    "svm_c": 0.1,
    "svm_gamma": 0.03,
    "knn_k": 10,
    "positive_cluster_k": 4,
    "mmr_threshold": 0.75,
    "mmr_limit": 40,
    "db_sha256": "fba69bb67f5f4b81"
  },
  "variants": {
    "logreg_up": {
      "mean": {
        "raw": {
          "ndcg_at_100": 0.38971583336847154,
          "ndcg_at_40": 0.3845069006504331,
          "ndcg_at_200": 0.4533441533064352,
          "map": 0.22313452003462322,
          "precision_at_40": 0.3350000000000001,
          "downvote_rate_at_40": 0.015000000000000003,
          "hit_at_100": 0.19737860533041257,
          "median_rank": 167.3,
          "p25_rank": 37.0,
          "p75_rank": 567.55,
          "brier_up": 0.17205592431135036
        },
        "mmr": {
          "ndcg_at_100": 0.2888424052971065,
          "ndcg_at_40": 0.37640179742752095,
          "ndcg_at_200": 0.2824636544827389,
          "map": 0.12724343700937818,
          "precision_at_40": 0.325,
          "downvote_rate_at_40": 0.015000000000000003,
          "hit_at_100": 0.11503468419131069,
          "median_rank": 167.3,
          "p25_rank": 37.0,
          "p75_rank": 567.55,
          "brier_up": 0.17205592431135036
        }
      },
      "std": {
        "raw": {
          "ndcg_at_100": 0.046305747241455565,
          "ndcg_at_40": 0.07828723317436531,
          "ndcg_at_200": 0.044747203299556795,
          "map": 0.031116289748969964,
          "precision_at_40": 0.058309518948453015,
          "downvote_rate_at_40": 0.02,
          "hit_at_100": 0.022192554269168014,
          "median_rank": 27.24261367783936,
          "p25_rank": 9.218188542224551,
          "p75_rank": 132.47116667411063,
          "brier_up": 0.006648048783887728
        },
        "mmr": {
          "ndcg_at_100": 0.06333773830630875,
          "ndcg_at_40": 0.08261801413500564,
          "ndcg_at_200": 0.06194000486201041,
          "map": 0.04243798441355767,
          "precision_at_40": 0.06123724356957946,
          "downvote_rate_at_40": 0.02,
          "hit_at_100": 0.01927725225919108,
          "median_rank": 27.24261367783936,
          "p25_rank": 9.218188542224551,
          "p75_rank": 132.47116667411063,
          "brier_up": 0.006648048783887728
        }
      },
      "per_fold": [
        {
          "raw": {
            "ndcg_at_100": 0.3402132290297645,
            "ndcg_at_40": 0.34040426301247295,
            "ndcg_at_200": 0.39731957367435183,
            "map": 0.20670585298659427,
            "precision_at_40": 0.3,
            "downvote_rate_at_40": 0.05,
            "hit_at_100": 0.16265060240963855,
            "median_rank": 213.5,
            "p25_rank": 46.25,
            "p75_rank": 608.0,
            "brier_up": 0.16670849518506825
          },
          "mmr": {
            "ndcg_at_100": 0.26026854701858365,
            "ndcg_at_40": 0.34040426301247295,
            "ndcg_at_200": 0.25454138580159713,
            "map": 0.12244024766083589,
            "precision_at_40": 0.3,
            "downvote_rate_at_40": 0.05,
            "hit_at_100": 0.0963855421686747,
            "median_rank": 213.5,
            "p25_rank": 46.25,
            "p75_rank": 608.0,
            "brier_up": 0.16670849518506825
          }
        },
        {
          "raw": {
            "ndcg_at_100": 0.33369244462677455,
            "ndcg_at_40": 0.2522497825634474,
            "ndcg_at_200": 0.41383454649323925,
            "map": 0.16957015353728164,
            "precision_at_40": 0.25,
            "downvote_rate_at_40": 0.025,
            "hit_at_100": 0.19393939393939394,
            "median_rank": 148.0,
            "p25_rank": 49.0,
            "p75_rank": 483.0,
            "brier_up": 0.16744058528634065
          },
          "mmr": {
            "ndcg_at_100": 0.18042564740376762,
            "ndcg_at_40": 0.23368374642989542,
            "ndcg_at_200": 0.1764173010028307,
            "map": 0.04858069389008538,
            "precision_at_40": 0.225,
            "downvote_rate_at_40": 0.025,
            "hit_at_100": 0.09090909090909091,
            "median_rank": 148.0,
            "p25_rank": 49.0,
            "p75_rank": 483.0,
            "brier_up": 0.16744058528634065
          }
        },
        {
          "raw": {
            "ndcg_at_100": 0.4404959513832483,
            "ndcg_at_40": 0.4661131503910333,
            "ndcg_at_200": 0.49285949345436536,
            "map": 0.24407819921676102,
            "precision_at_40": 0.4,
            "downvote_rate_at_40": 0.0,
            "hit_at_100": 0.22424242424242424,
            "median_rank": 141.0,
            "p25_rank": 32.0,
            "p75_rank": 723.0,
            "brier_up": 0.1782060039183271
          },
          "mmr": {
            "ndcg_at_100": 0.35988282543194045,
            "ndcg_at_40": 0.4661131503910333,
            "ndcg_at_200": 0.351887648200563,
            "map": 0.16773830622000996,
            "precision_at_40": 0.4,
            "downvote_rate_at_40": 0.0,
            "hit_at_100": 0.1393939393939394,
            "median_rank": 141.0,
            "p25_rank": 32.0,
            "p75_rank": 723.0,
            "brier_up": 0.1782060039183271
          }
        },
        {
          "raw": {
            "ndcg_at_100": 0.44005404263476,
            "ndcg_at_40": 0.4373045859562956,
            "ndcg_at_200": 0.5143784215336616,
            "map": 0.2421583927267381,
            "precision_at_40": 0.325,
            "downvote_rate_at_40": 0.0,
            "hit_at_100": 0.21818181818181817,
            "median_rank": 151.0,
            "p25_rank": 33.25,
            "p75_rank": 356.0,
            "brier_up": 0.18189935351590722
          },
          "mmr": {
            "ndcg_at_100": 0.33335507732780706,
            "ndcg_at_40": 0.4359938637192905,
            "ndcg_at_200": 0.326019660535316,
            "map": 0.1379836382255737,
            "precision_at_40": 0.325,
            "downvote_rate_at_40": 0.0,
            "hit_at_100": 0.13333333333333333,
            "median_rank": 151.0,
            "p25_rank": 33.25,
            "p75_rank": 356.0,
            "brier_up": 0.18189935351590722
          }
        },
        {
          "raw": {
            "ndcg_at_100": 0.3941234991678106,
            "ndcg_at_40": 0.42646272132891605,
            "ndcg_at_200": 0.44832873137655777,
            "map": 0.25316000170574116,
            "precision_at_40": 0.4,
            "downvote_rate_at_40": 0.0,
            "hit_at_100": 0.18787878787878787,
            "median_rank": 183.0,
            "p25_rank": 24.5,
            "p75_rank": 667.75,
            "brier_up": 0.16602518365110858
          },
          "mmr": {
            "ndcg_at_100": 0.31027992930343357,
            "ndcg_at_40": 0.4058139635849123,
            "ndcg_at_200": 0.3034522768733877,
            "map": 0.15947429905038601,
            "precision_at_40": 0.375,
            "downvote_rate_at_40": 0.0,
            "hit_at_100": 0.11515151515151516,
            "median_rank": 183.0,
            "p25_rank": 24.5,
            "p75_rank": 667.75,
            "brier_up": 0.16602518365110858
          }
        }
      ]
    }
  }
}