{
  "config": {
    "split": "5-fold-stratified",
    "window_days": 30,
    "user_token": "default",
    "user_id": 1,
    "n_candidates": 3413,
    "n_feedback_valid": 816,
    "labels": {
      "0": 270,
      "1": 300,
      "2": 246
    },
    "knn_k": 10,
    "mmr_threshold": 0.75,
    "mmr_limit": 40,
    "db_sha256": "07bf9ea8de2a4e65"
  },
  "variants": {
    "margin3_textsplit_up": {
      "mean": {
        "raw": {
          "ndcg_at_100": 0.3726293535905032,
          "ndcg_at_200": 0.4201318078339714,
          "map": 0.21557612594717396,
          "hit_at_100": 0.16176118509651352,
          "median_rank": 329.8,
          "p25_rank": 55.0,
          "p75_rank": 947.95,
          "brier_up": 0.0
        },
        "mmr": {
          "ndcg_at_100": 0.278114792854167,
          "ndcg_at_200": 0.27294781611199503,
          "map": 0.13961018598558733,
          "hit_at_100": 0.0882537782433039,
          "median_rank": 329.8,
          "p25_rank": 55.0,
          "p75_rank": 947.95,
          "brier_up": 0.0
        }
      },
      "std": {
        "raw": {
          "ndcg_at_100": 0.08009770284682066,
          "ndcg_at_200": 0.09608753688940933,
          "map": 0.0771804648405667,
          "hit_at_100": 0.032349865158909745,
          "median_rank": 150.55683312291075,
          "p25_rank": 28.95513771336617,
          "p75_rank": 410.35266539892245,
          "brier_up": 0.0
        },
        "mmr": {
          "ndcg_at_100": 0.059635910740531116,
          "ndcg_at_200": 0.05861268750112945,
          "map": 0.04855414357075134,
          "hit_at_100": 0.01810710035510409,
          "median_rank": 150.55683312291075,
          "p25_rank": 28.95513771336617,
          "p75_rank": 410.35266539892245,
          "brier_up": 0.0
        }
      },
      "per_fold": [
        {
          "raw": {
            "ndcg_at_100": 0.3181226177067425,
            "ndcg_at_200": 0.3733283255443627,
            "map": 0.1601593313591285,
            "hit_at_100": 0.16463414634146342,
            "median_rank": 434.0,
            "p25_rank": 78.0,
            "p75_rank": 850.75,
            "brier_up": 0.0
          },
          "mmr": {
            "ndcg_at_100": 0.22898547334407982,
            "ndcg_at_200": 0.22439116685673205,
            "map": 0.09731052631578947,
            "hit_at_100": 0.07317073170731707,
            "median_rank": 434.0,
            "p25_rank": 78.0,
            "p75_rank": 850.75,
            "brier_up": 0.0
          }
        },
        {
          "raw": {
            "ndcg_at_100": 0.345139856118148,
            "ndcg_at_200": 0.3708532337793674,
            "map": 0.18967293583760353,
            "hit_at_100": 0.15950920245398773,
            "median_rank": 400.0,
            "p25_rank": 37.0,
            "p75_rank": 844.0,
            "brier_up": 0.0
          },
          "mmr": {
            "ndcg_at_100": 0.2983400556246977,
            "ndcg_at_200": 0.29288466842013994,
            "map": 0.14503621850560627,
            "hit_at_100": 0.09815950920245399,
            "median_rank": 400.0,
            "p25_rank": 37.0,
            "p75_rank": 844.0,
            "brier_up": 0.0
          }
        },
        {
          "raw": {
            "ndcg_at_100": 0.4946019413042143,
            "ndcg_at_200": 0.5758300952674784,
            "map": 0.3548718864549144,
            "hit_at_100": 0.17791411042944785,
            "median_rank": 146.0,
            "p25_rank": 18.0,
            "p75_rank": 488.0,
            "brier_up": 0.0
          },
          "mmr": {
            "ndcg_at_100": 0.3768787005315328,
            "ndcg_at_200": 0.36998717121192826,
            "map": 0.2273750223251763,
            "hit_at_100": 0.11042944785276074,
            "median_rank": 146.0,
            "p25_rank": 18.0,
            "p75_rank": 488.0,
            "brier_up": 0.0
          }
        },
        {
          "raw": {
            "ndcg_at_100": 0.4322501792671059,
            "ndcg_at_200": 0.47843193735670203,
            "map": 0.23637890081607418,
            "hit_at_100": 0.20245398773006135,
            "median_rank": 156.0,
            "p25_rank": 44.0,
            "p75_rank": 836.0,
            "brier_up": 0.0
          },
          "mmr": {
            "ndcg_at_100": 0.28036651012312463,
            "ndcg_at_200": 0.27523978361397544,
            "map": 0.1362008828979828,
            "hit_at_100": 0.09815950920245399,
            "median_rank": 156.0,
            "p25_rank": 44.0,
            "p75_rank": 836.0,
            "brier_up": 0.0
          }
        },
        {
          "raw": {
            "ndcg_at_100": 0.2730321735563052,
            "ndcg_at_200": 0.3022154472219467,
            "map": 0.13679757526814926,
            "hit_at_100": 0.10429447852760736,
            "median_rank": 513.0,
            "p25_rank": 98.0,
            "p75_rank": 1721.0,
            "brier_up": 0.0
          },
          "mmr": {
            "ndcg_at_100": 0.20600322464740026,
            "ndcg_at_200": 0.20223629045719957,
            "map": 0.09212827988338192,
            "hit_at_100": 0.06134969325153374,
            "median_rank": 513.0,
            "p25_rank": 98.0,
            "p75_rank": 1721.0,
            "brier_up": 0.0
          }
        }
      ]
    },
    "binary_margin_textsplit": {
      "mean": {
        "raw": {
          "ndcg_at_100": 0.370955568745126,
          "ndcg_at_200": 0.41282722677897815,
          "map": 0.2200640463773788,
          "hit_at_100": 0.15809516684123898,
          "median_rank": 300.1,
          "p25_rank": 47.2,
          "p75_rank": 924.45,
          "brier_up": 0.0
        },
        "mmr": {
          "ndcg_at_100": 0.290258013158704,
          "ndcg_at_200": 0.2848637873450508,
          "map": 0.14526963936616588,
          "hit_at_100": 0.09805476582373186,
          "median_rank": 300.1,
          "p25_rank": 47.2,
          "p75_rank": 924.45,
          "brier_up": 0.0
        }
      },
      "std": {
        "raw": {
          "ndcg_at_100": 0.06991445095121453,
          "ndcg_at_200": 0.08569401878485071,
          "map": 0.07647239514754216,
          "hit_at_100": 0.02377053105088242,
          "median_rank": 129.53161776184223,
          "p25_rank": 23.81931988953505,
          "p75_rank": 355.66024517789447,
          "brier_up": 0.0
        },
        "mmr": {
          "ndcg_at_100": 0.057690925332284045,
          "ndcg_at_200": 0.05670626478644102,
          "map": 0.05055565754372751,
          "hit_at_100": 0.017427480119857258,
          "median_rank": 129.53161776184223,
          "p25_rank": 23.81931988953505,
          "p75_rank": 355.66024517789447,
          "brier_up": 0.0
        }
      },
      "per_fold": [
        {
          "raw": {
            "ndcg_at_100": 0.3302211651522216,
            "ndcg_at_200": 0.3758169015697802,
            "map": 0.17398105580545414,
            "hit_at_100": 0.1524390243902439,
            "median_rank": 430.5,
            "p25_rank": 58.0,
            "p75_rank": 808.25,
            "brier_up": 0.0
          },
          "mmr": {
            "ndcg_at_100": 0.24361064526820178,
            "ndcg_at_200": 0.23872290303897792,
            "map": 0.10771743697478992,
            "hit_at_100": 0.08536585365853659,
            "median_rank": 430.5,
            "p25_rank": 58.0,
            "p75_rank": 808.25,
            "brier_up": 0.0
          }
        },
        {
          "raw": {
            "ndcg_at_100": 0.3445990833735177,
            "ndcg_at_200": 0.37113000702512694,
            "map": 0.19249205982942555,
            "hit_at_100": 0.15950920245398773,
            "median_rank": 389.0,
            "p25_rank": 44.0,
            "p75_rank": 844.0,
            "brier_up": 0.0
          },
          "mmr": {
            "ndcg_at_100": 0.2859504748200233,
            "ndcg_at_200": 0.2807216410377009,
            "map": 0.13693271908900265,
            "hit_at_100": 0.09815950920245399,