{
  "config": {
    "split": "5-fold-stratified",
    "window_days": 30,
    "user_token": "default",
    "user_id": 1,
    "n_candidates": 3413,
    "n_feedback_valid": 816,
    "labels": {
      "0": 270,
      "1": 300,
      "2": 246
    },
    "knn_k": 10,
    "mmr_threshold": 0.75,
    "mmr_limit": 40,
    "db_sha256": "07bf9ea8de2a4e65"
  },
  "variants": {
    "margin3_up": {
      "mean": {
        "raw": {
          "ndcg_at_100": 0.4519751220734921,
          "ndcg_at_200": 0.5202198928852988,
          "map": 0.2735962308304717,
          "hit_at_100": 0.24143348795451142,
          "median_rank": 130.9,
          "p25_rank": 37.1,
          "p75_rank": 627.25,
          "brier_up": 0.0
        },
        "mmr": {
          "ndcg_at_100": 0.33366038923198105,
          "ndcg_at_200": 0.32743985620719596,
          "map": 0.1698972684260986,
          "hit_at_100": 0.12253478976507556,
          "median_rank": 130.9,
          "p25_rank": 37.1,
          "p75_rank": 627.25,
          "brier_up": 0.0
        }
      },
      "std": {
        "raw": {
          "ndcg_at_100": 0.06389622334765213,
          "ndcg_at_200": 0.0720658463663022,
          "map": 0.07124411330588361,
          "hit_at_100": 0.024828324868530344,
          "median_rank": 39.32480133452679,
          "p25_rank": 16.44506004853737,
          "p75_rank": 224.40889019822723,
          "brier_up": 0.0
        },
        "mmr": {
          "ndcg_at_100": 0.07992433153347808,
          "ndcg_at_200": 0.07846053056414835,
          "map": 0.06524950737654832,
          "hit_at_100": 0.023518276811337724,
          "median_rank": 39.32480133452679,
          "p25_rank": 16.44506004853737,
          "p75_rank": 224.40889019822723,
          "brier_up": 0.0
        }
      },
      "per_fold": [
        {
          "raw": {
            "ndcg_at_100": 0.4244083943980998,
            "ndcg_at_200": 0.47899599729681136,
            "map": 0.23348102230275658,
            "hit_at_100": 0.23170731707317074,
            "median_rank": 184.5,
            "p25_rank": 43.5,
            "p75_rank": 663.25,
            "brier_up": 0.0
          },
          "mmr": {
            "ndcg_at_100": 0.33545815376952537,
            "ndcg_at_200": 0.3287276064138807,
            "map": 0.15703496503496503,
            "hit_at_100": 0.13414634146341464,
            "median_rank": 184.5,
            "p25_rank": 43.5,
            "p75_rank": 663.25,
            "brier_up": 0.0
          }
        },
        {
          "raw": {
            "ndcg_at_100": 0.4187001564453732,
            "ndcg_at_200": 0.48460604224385273,
            "map": 0.25369680324292493,
            "hit_at_100": 0.2331288343558282,
            "median_rank": 123.0,
            "p25_rank": 38.0,
            "p75_rank": 482.0,
            "brier_up": 0.0
          },
          "mmr": {
            "ndcg_at_100": 0.29640001746476535,
            "ndcg_at_200": 0.29098010541399444,
            "map": 0.13952235482847727,
            "hit_at_100": 0.1165644171779141,
            "median_rank": 123.0,
            "p25_rank": 38.0,
            "p75_rank": 482.0,
            "brier_up": 0.0
          }
        },
        {
          "raw": {
            "ndcg_at_100": 0.5225537857244579,
            "ndcg_at_200": 0.598641649471813,
            "map": 0.3712161527131711,
            "hit_at_100": 0.2392638036809816,
            "median_rank": 106.0,
            "p25_rank": 19.0,
            "p75_rank": 392.0,
            "brier_up": 0.0
          },
          "mmr": {
            "ndcg_at_100": 0.4224749989308923,
            "ndcg_at_200": 0.4147497047239607,
            "map": 0.2518381824637258,
            "hit_at_100": 0.13496932515337423,
            "median_rank": 106.0,
            "p25_rank": 19.0,
            "p75_rank": 392.0,
            "brier_up": 0.0
          }
        },
        {
          "raw": {
            "ndcg_at_100": 0.5293189745372926,
            "ndcg_at_200": 0.6112114610928171,
            "map": 0.33583886332713564,
            "hit_at_100": 0.2883435582822086,
            "median_rank": 76.0,
            "p25_rank": 21.0,
            "p75_rank": 560.0,
            "brier_up": 0.0
          },
          "mmr": {
            "ndcg_at_100": 0.4100297023355061,
            "ndcg_at_200": 0.40253198035873056,
            "map": 0.23034553069066876,
            "hit_at_100": 0.147239263803681,
            "median_rank": 76.0,
            "p25_rank": 21.0,
            "p75_rank": 560.0,
            "brier_up": 0.0
          }
        },
        {
          "raw": {
            "ndcg_at_100": 0.36489429926223704,
            "ndcg_at_200": 0.4276443143211997,
            "map": 0.17374831256637005,
            "hit_at_100": 0.2147239263803681,
            "median_rank": 165.0,
            "p25_rank": 64.0,
            "p75_rank": 1039.0,
            "brier_up": 0.0
          },
          "mmr": {
            "ndcg_at_100": 0.20393907365921624,
            "ndcg_at_200": 0.20020988412541318,
            "map": 0.07074530911265604,
            "hit_at_100": 0.07975460122699386,
            "median_rank": 165.0,
            "p25_rank": 64.0,
            "p75_rank": 1039.0,
            "brier_up": 0.0
          }
        }
      ]
    },
    "binary_margin_no_neutral": {
      "mean": {
        "raw": {
          "ndcg_at_100": 0.4382863733354476,
          "ndcg_at_200": 0.4941927729424349,
          "map": 0.2644814172829272,
          "hit_at_100": 0.22429298219362562,
          "median_rank": 162.5,
          "p25_rank": 34.4,
          "p75_rank": 691.55,
          "brier_up": 0.0
        },
        "mmr": {
          "ndcg_at_100": 0.3172144776502227,
          "ndcg_at_200": 0.31129449156590444,
          "map": 0.16002378923289354,
          "hit_at_100": 0.11764177764477031,
          "median_rank": 162.5,
          "p25_rank": 34.4,
          "p75_rank": 691.55,
          "brier_up": 0.0
        }
      },
      "std": {
        "raw": {
          "ndcg_at_100": 0.06729215580542587,
          "ndcg_at_200": 0.07322559947511068,
          "map": 0.0689012939636824,
          "hit_at_100": 0.024336762471905554,
          "median_rank": 50.83699440368205,
          "p25_rank": 15.831613941730641,
          "p75_rank": 287.8364292441108,
          "brier_up": 0.0
        },
        "mmr": {
          "ndcg_at_100": 0.06697535212263588,
          "ndcg_at_200": 0.06571763677029896,
          "map": 0.05488243264229459,
          "hit_at_100": 0.020644290417754597,
          "median_rank": 50.83699440368205,
          "p25_rank": 15.831613941730641,
          "p75_rank": 287.8364292441108,
          "brier_up": 0.0
        }
      },
      "per_fold": [
        {
          "raw": {
            "ndcg_at_100": 0.4111105924231065,
            "ndcg_at_200": 0.45977981188009837,
            "map": 0.2321158173068671,
            "hit_at_100": 0.20121951219512196,
            "median_rank": 227.5,
            "p25_rank": 42.0,
            "p75_rank": 727.75,
            "brier_up": 0.0
          },
          "mmr": {
            "ndcg_at_100": 0.3359636348648319,
            "ndcg_at_200": 0.3292229456646349,
            "map": 0.16204761904761905,
            "hit_at_100": 0.12195121951219512,
            "median_rank": 227.5,
            "p25_rank": 42.0,
            "p75_rank": 727.75,
            "brier_up": 0.0
          }
        },
        {
          "raw": {
            "ndcg_at_100": 0.4570138145907844,
            "ndcg_at_200": 0.5010276584264856,
            "map": 0.27267520686342905,
            "hit_at_100": 0.2331288343558282,
            "median_rank": 140.0,
            "p25_rank": 24.0,
            "p75_rank": 484.0,
            "brier_up": 0.0
          },
          "mmr": {
            "ndcg_at_100": 0.31537440706221476,
            "ndcg_at_200": 0.30960753307900246,
            "map": 0.15276495213470004,
            "hit_at_100": 0.12883435582822086,
            "median_rank": 140.0,